Id,MSSubClass,MSZoning,LotFrontage,LotArea,Street,Alley,LotShape,LandContour,Utilities,LotConfig,LandSlope,Neighborhood,Condition1,Condition2,BldgType,HouseStyle,OverallQual,OverallCond,YearBuilt,YearRemodAdd,RoofStyle,RoofMatl,Exterior1st,Exterior2nd,MasVnrType,MasVnrArea,ExterQual,ExterCond,Foundation,BsmtQual,BsmtCond,BsmtExposure,BsmtFinType1,BsmtFinSF1,BsmtFinType2,BsmtFinSF2,BsmtUnfSF,TotalBsmtSF,Heating,HeatingQC,CentralAir,Electrical,FirstFlrSF,SecondFlrSF,LowQualFinSF,GrLivArea,BsmtFullBath,BsmtHalfBath,FullBath,HalfBath,BedroomAbvGr,KitchenAbvGr,KitchenQual,TotRmsAbvGrd,Functional,Fireplaces,FireplaceQu,GarageType,GarageYrBlt,GarageFinish,GarageCars,GarageArea,GarageQual,GarageCond,PavedDrive,WoodDeckSF,OpenPorchSF,EnclosedPorch,3SsnPorch,ScreenPorch,PoolArea,PoolQC,Fence,MiscFeature,MiscVal,MoSold,YrSold,SaleType,SaleCondition,SalePrice,LotFrontage_na,MasVnrArea_na,GarageYrBlt_na
6.272877007,0,0.75,0.388581117,0.630998505,1,1,0.333333333,0.333333333,1,1,0,0.727272727,0.4,1,0.75,0.6,0.77815125,0.5,0.367647059,0.540983607,1,0,0.1,0.5,0.333333333,0,0.666666667,1,1,0.5,0.75,0.25,0.166666667,0.215981573,0.666666667,0,0.379006038,0.333060556,1,0.5,1,1,0.764014211,0,0,0.71418187,0.333333333,0,1,0,0.5,0.23104906,0.333333333,0.772942881,0,0.666666667,0.6,0.8,0.299065421,0.666666667,0.5,0.341325811,0.666666667,1,1,0,0,0.362318841,0,0,0,0,0.75,1,0,0.442114109,0.250186815,0.666666667,0,12.20918779,1,1,0
6.198478716,0.407006649,0.75,0.490407837,0.389061226,1,1,0,0.333333333,1,0,0,0.363636364,0,1,0.75,0.2,0.77815125,0.885621875,0.477941176,0.93442623,0,0,0.1,0.1,0,0,0.333333333,1,0.5,0.5,0.75,0.25,0.333333333,0.07140326,0.5,0.111940299,0.110543428,0.131914894,1,0.5,1,0.666666667,0.398757792,0.331196581,0,0.549293707,0.333333333,0,0.333333333,0,0.375,0,0,0.470880288,1,0.666666667,0.6,0.8,0.607476636,0.333333333,0.25,0.169252468,0.666666667,1,1,0,0,0.057971014,0,0,0,0,0.5,1,0,0.836828837,0,0.666666667,0.75,11.79810441,0,0,0
6.131226489,0.407006649,0.75,0.388581117,0.329917853,1,1,0.333333333,0,1,0.5,0,0.181818182,0.4,1,0.75,0.2,0.698970004,0.630929754,0.433823529,0.983606557,0,0,0.3,0.2,0.333333333,0.100625,0.333333333,1,0.5,0.5,0.75,0.25,0.5,0.032778172,0.666666667,0,0.243381328,0.11603928,1,0.5,1,1,0.406963689,0.11965812,0,0.453307183,0.333333333,0,0.333333333,0,0.375,0,0.666666667,0.470880288,1,0.333333333,0.6,0.4,0.551401869,0.333333333,0.25,0.248236953,0.666666667,1,1,0,0,0.449275362,0,0,0,0,0.75,1,0,0.783091851,0.750186691,0.666666667,0.75,11.60823564,1,0,0
5.634789603,0.487991956,0.75,0.50869007,0.399404167,1,1,0,0.333333333,1,0,0,0.772727273,0.4,1,0.75,1,0.84509804,0.73248676,0.227941176,0.524590164,1,0,0.7,0.7,0.666666667,0.186875,0.333333333,1,0.5,0.75,0.75,0.25,0.333333333,0.069454288,0.666666667,0,0.356711565,0.1898527,1,1,1,1,0.469855304,0.462606838,0,0.636998624,0,0,0.666666667,0.5,0.5,0,0.333333333,0.712414374,1,0.333333333,0.6,0.8,0.289719626,1,0.5,0.356135402,0.666666667,1,1,0.336056009,0.213893967,0,0,0,0,0,0.75,1,0,0.442114109,0.500249004,0.666666667,0.75,12.16525065,0,0,0
6.486160789,0.923665934,0.25,0,0.050187673,1,1,0,0.333333333,1,0,0,0.090909091,0.4,1,0.5,1,0.77815125,0.73248676,0.286764706,0.655737705,0,0,0.6,0.5,0.666666667,0.238125,0.333333333,1,0.5,0.5,0.75,0.25,0.833333333,0,0.666666667,0,0.243845797,0.085924714,1,0.5,1,1,0.171149235,0.302884615,0,0.419061481,0,0,0.333333333,0.5,0.375,0,0.333333333,0.564575034,1,0,0.2,0.4,0.364485981,0.333333333,0.25,0.186177715,0.666666667,1,1,0,0,0,0,0,0,0,0.75,1,0,0.442114109,1,0.666666667,0.5,11.38509209,0,0,0
6.921658184,0.180103312,0.25,0.388581117,0.335012433,1,1,0,0.333333333,1,0,0,0.227272727,0.4,1,0.75,0.6,0.698970004,0.630929754,0.727941176,0.06557377,1,0,0.3,0.4,0,0,0.333333333,1,0.25,0.5,0.75,0.25,0.666666667,0.043763288,0.5,0.315468114,0.143985137,0.167266776,0.5,0.5,0,1,0.423230696,0,0,0.395625743,0.333333333,0,0.333333333,0,0.25,0,0.333333333,0.356207187,0,0,0.2,0.4,0.495327103,0.333333333,0.25,0.197461213,0.666666667,1,1,0,0.054844607,0.40942029,0,0,0,0,0.75,1,0,0.721057054,0.750186691,0.666666667,0.75,11.35040654,0,0,0
7.247080585,0,0.75,0.313618794,0.481974891,1,1,0.333333333,0.333333333,1,1,0,0.818181818,0.6,1,0.75,0.6,0.903089987,0.73248676,0,0.016393443,0,0,1,1,1,0.0525,0.666666667,1,1,0.75,0.75,1,1,0.164599575,0.666666667,0,0.25824431,0.24304419,1,1,1,1,0.559243777,0,0,0.522767457,0.333333333,0,0.666666667,0,0.375,0,0.666666667,0.564575034,1,0,0.2,0.8,0,0.333333333,0.75,0.531734838,0.666666667,1,1,0.196032672,0.29250457,0,0,0,0,0,0.75,1,0,0.836828837,0.250186815,0.666666667,0.75,12.55292652,0,0,0
6.400257445,0.407006649,0.25,0.321096624,0.378685467,1,1,0,0,1,0,0,0,0.4,1,0.75,0.2,0.77815125,0.815464877,0.514705882,0.950819672,0,0,0.1,0.1,0,0,0.333333333,0.666666667,1,0.5,0.75,0.25,0.833333333,0,0.666666667,0,0.362285183,0.127659574,1,0.5,1,1,0.320969356,0.31784188,0,0.500580705,0,0,0.333333333,0.5,0.375,0,0.666666667,0.564575034,1,0.333333333,0.8,0.4,0.261682243,0.333333333,0.25,0.383638928,0.666666667,1,0.5,0,0.296160878,0,0,0.2625,0,0,0.75,1,0,1,0.250186815,0.666666667,0.75,11.85651517,0,0,0
7.075808864,0.487991956,0.75,0.751625215,0.486627347,1,1,0.333333333,0.333333333,1,0.5,0,1,0.4,1,0.75,1,1,0.73248676,0.080882353,0.196721311,1,0,0.1,0.5,0,0,0.666666667,1,1,1,0.75,0.75,1,0.371367824,0.666666667,0,0.139340455,0.392144026,1,1,1,1,0.748032515,1.103098291,0,0.91810369,0.333333333,0,1,0.5,0.5,0,1,0.827087475,1,0.666666667,0.6,0.8,0.102803738,1,0.75,0.573342736,0.666666667,1,1,0.199533256,0.142595978,0,0,0,0.75203252,1,0.5,1,0,0.783091851,0.250186815,0.666666667,0.25,13.5211395,0,0,0
6.533788838,0.923665934,1,0.388581117,0.267713,1,1,1,0.333333333,1,0.25,0,0.818181818,0.4,1,1,1,0.84509804,0.73248676,0.022058824,0.06557377,0,0,0.3,0.2,0,0,0.666666667,1,1,0.75,0.75,0.25,1,0.042345854,0.666666667,0,0.144914073,0.090180033,1,1,1,1,0.189441396,0.294337607,0,0.42228621,0,0,0.666666667,0.5,0.25,0,0.666666667,0.356207187,1,0,0.2,0.4,0.028037383,0.333333333,0.5,0.338504937,0.666666667,1,1,0,0.109689214,0,0,0,0,0,0.75,1,0,0.442114109,0.250186815,0.666666667,0.75,11.9103584,1,0,0
7.183870715,0.795880601,1,0.298194064,0.230914551,1,0.5,0,0.333333333,1,0.5,0,0.818181818,0.4,1,1,0.6,0.84509804,0.73248676,0.007352941,0.016393443,0,0,1,1,0,0,0.666666667,1,1,1,1,0.25,0.833333333,0,0.666666667,0,0.627960985,0.221276596,1,1,1,1,0.529125236,0,0,0.494613379,0,0,0.666666667,0,0.25,0,0.666666667,0.470880288,1,0.333333333,0.8,0.8,0.009345794,0.666666667,0.5,0.328631876,0.666666667,1,1,0,0.440585009,0,0,0,0,0,0.75,1,0,0.557885891,0.250186815,1,1,12.24961095,0,0,0
6.9117473,0.668095268,0.75,0.388581117,0.426660151,1,1,0.333333333,0.333333333,1,0.5,0,0.545454545,0.2,0,0.25,0.6,0.698970004,0.815464877,0.227941176,0.524590164,0,0,1,1,0.666666667,0.1025,0.333333333,1,0.5,0.5,0.75,0.25,0.833333333,0,0.666666667,0,0.780306549,0.274959083,1,0.25,1,1,0.611324296,0,0,0.571451058,0,0,0.666666667,0,0.5,0.23104906,0.333333333,0.712414374,1,0,0.2,0.4,0.289719626,0.333333333,0.5,0.37235543,0.666666667,1,1,0,0,0,0,0,0,0,0.75,1,0,0.721057054,0.250186815,0.666666667,0.75,11.82704253,1,0,0
7.170888479,0.487991956,0.75,0.388581117,0.413679084,1,1,0.333333333,0.333333333,1,1,0,0.590909091,0.4,1,0.75,1,0.84509804,0.73248676,0.073529412,0.180327869,0,0,1,1,0,0.215,0.666666667,1,1,0.75,0.75,0.25,1,0.122962438,0.666666667,0,0.131908964,0.160065466,1,1,1,1,0.416882873,0.522435897,0,0.630108888,0,0,0.666666667,0.5,0.375,0,0.666666667,0.772942881,1,0.333333333,0.6,0.8,0.093457944,1,0.5,0.345557123,0.666666667,1,1,0,0,0,0,0,0,0,0.75,1,0,0.647685462,0.750186691,0.666666667,0.75,12.32385568,1,0,0
7.239214974,0.642706105,0.75,0.434908997,0.351629347,1,1,0,0.333333333,1,0,0,0.363636364,0.4,1,0.75,0,0.698970004,0.73248676,0.286764706,0.655737705,0,0,0.6,0.6,0,0,0.333333333,1,0.5,0.5,0.75,0.75,0.666666667,0.136250886,0.666666667,0,0.044124477,0.141407529,1,0.5,1,1,0.375123488,0,0,0.350656297,0.333333333,0,0.333333333,0,0.375,0,0.333333333,0.564575034,1,0.333333333,0,0.8,0.364485981,0.666666667,0.25,0.203102962,0.666666667,1,1,0.2042007,0.263254113,0,0,0,0,0,0.25,1,0,1,0,0.666666667,0.75,11.71993963,0,0,0
6.922643891,0,0.75,0.388581117,0.429431534,1,1,0,0.333333333,1,0,0,0.363636364,0,1,0.75,0.6,0.77815125,0.73248676,0.433823529,0.950819672,0,0,0.3,0.2,0.666666667,0.12875,0.333333333,1,0.5,0.5,0.5,0.25,0.333333333,0.059532247,0.666666667,0,0.346493265,0.177086743,1,0.5,1,1,0.444820201,0,0,0.415807086,0,0,0.333333333,0,0.25,0,0.333333333,0.470880288,1,0.333333333,0.8,0.4,0.551401869,0.333333333,0.25,0.169252468,0.666666667,1,1,0,0.237659963,0,0,0,0,0,0.75,1,0,0.964984046,0.250186815,0.666666667,0.75,11.68855803,0,0,0
5.541263545,0,0.75,0.445638443,0.365182374,1,1,0,0.333333333,1,0,0,0.363636364,0.4,1,0.75,0.6,0.698970004,0.815464877,0.389705882,0.885245902,0,0,0.3,0.2,0,0,0.333333333,0.666666667,0.5,0.5,0.75,0.25,0.166666667,0.16335932,0.666666667,0,0.182071528,0.215057283,1,0.5,1,1,0.518336457,0,0,0.484528292,0.333333333,0,0.333333333,0,0.375,0,0.333333333,0.470880288,1,0,0.2,0.8,0.495327103,0.666666667,0.25,0.207334274,0.666666667,1,1,0.291715286,0,0,0,0,0,0,0.75,1,0,0.721057054,1,0.666666667,0.75,11.88448902,0,0,0
7.187657164,0.487991956,0.75,0.602701261,0.402913232,1,1,0.333333333,0.333333333,1,0,0,1,0.4,1,0.75,1,0.84509804,0.73248676,0.132352941,0.31147541,0,0,0.6,0.6,0,0,0.666666667,1,1,0.75,0.75,0.25,1,0.119418852,0.666666667,0,0.035299582,0.122749591,1,1,1,1,0.437403164,0.460470085,0,0.619240129,0.333333333,0,0.666666667,0.5,0.375,0,0.666666667,0.712414374,1,0.333333333,0.6,0.8,0.168224299,0.666666667,0.5,0.3977433,0.666666667,1,1,0.280046674,0.071297989,0,0,0,0,0,0.75,1,0,0.721057054,1,0.666666667,0.75,12.15477935,0,0,0
4.49980967,0,0.75,0.388581117,0.357338376,1,1,0,0.333333333,1,0,0,0.681818182,0.4,1,0.75,0.6,0.602059991,0.73248676,0.095588235,0.213114754,0,0,1,1,0,0,0.333333333,1,1,0.75,0.75,0.25,1,0.104181432,0.666666667,0,0.18671621,0.16202946,1,1,1,1,0.411192039,0,0,0.3843723,0.333333333,0,0.333333333,0,0.375,0,0.333333333,0.470880288,1,0,0.2,0,0.018691589,0,0,0,0,0,1,0,0,0,0,0,0,0,0.75,1,0,0.836828837,0.250186815,0.666666667,0.75,11.72480582,0,0,1
3.465735903,0,0.75,0.388581117,0.368509092,1,1,0.333333333,0.333333333,1,1,0,0.272727273,0.4,1,0.75,0.6,0.698970004,0.815464877,0.308823529,0.049180328,0,0,0.6,0.6,0,0,0.333333333,1,0.5,0.5,0.75,0.25,0.833333333,0,0.666666667,0,0.57036693,0.200981997,1,0.75,1,1,0.492720648,0,0,0.460583257,0,0,0.333333333,0.5,0.375,0,0.666666667,0.564575034,1,0,0.2,0.8,0.392523364,0.333333333,0.25,0.191114245,0.666666667,1,1,0,0.118829982,0,0,0,0,0,0.5,1,0,0.721057054,0.500249004,0.666666667,0.75,11.91404782,1,0,0
6.180016654,0.556464057,0.25,0.321096624,0.127984665,1,0.5,0,0.333333333,1,0.5,0,0.227272727,0.4,1,0.75,1,0.84509804,0.94639463,0.691176471,0.081967213,0,0,0.4,0.4,0,0,0.666666667,1,1,0.5,0.75,0.25,0.666666667,0.052976612,0.666666667,0,0.28379006,0.14893617,1,1,1,1,0.38179209,0.486111111,0,0.60093048,0.333333333,0,0.333333333,0.5,0.5,0,1,0.643792813,0.25,0.333333333,0.8,0.8,0.878504673,0.333333333,0.25,0.115655853,0.333333333,0.333333333,1,0,0,0,0,0,0,0,0.75,1,0,0.721057054,0.750186691,0.666666667,0.75,11.9511804,0,0,0
4.96284463,0.407006649,0.75,0.450888743,0.367958551,1,1,0,0.333333333,1,0.5,0,0.363636364,0,1,0.75,0.2,0.698970004,0.630929754,0.426470588,0.967213115,0,0,0.8,0.1,0,0,0.333333333,0,0.5,0.5,0.75,0.25,0.166666667,0.089829908,0.666666667,0,0.187180678,0.14893617,1,0.25,1,1,0.379305115,0.253739316,0,0.503144124,0,0,0.666666667,0,0.5,0,0.333333333,0.564575034,1,0,0.2,0.4,0.093457944,0.333333333,0.5,0.507757405,0.666666667,1,1,0,0,0,0,0,0,0,0.5,1,0,0.721057054,1,0.666666667,0.75,12.01974307,0,0,0
6.69950034,0.795880601,0.25,0.388581117,0.240309336,1,1,0,0.333333333,1,0,0,0.681818182,0.4,1,1,0.6,0.77815125,0.73248676,0.029411765,0.081967213,0,0,1,1,0.666666667,0.105625,0.666666667,1,1,0.75,0.75,1,1,0.1172927,0.666666667,0,0.086391082,0.138788871,1,1,1,1,0.352601357,0,0,0.329603158,0.333333333,0,0.333333333,0,0.125,0,0.666666667,0.356207187,1,0.333333333,0.8,0.8,0.037383178,1,0.5,0.296191819,0.666666667,1,1,0.16336056,0,0,0,0,0,0,0.75,1,0,0.721057054,0.500249004,0.333333333,0.75,11.88103479,1,0,0
3.970291914,0.668095268,0.25,0.612936198,0.366852801,0,1,1,0,1,0.5,0.5,0,0.8,1,0.25,0.6,0.698970004,0.73248676,0.345588235,0.786885246,0,0,0.1,0.1,0,0,0,1,0.5,0.75,0.75,1,0.5,0.018426648,0.833333333,0.483039349,0,0.133551555,1,0.5,0,1,0.338044434,0,0,0.315995701,0.333333333,0,0.333333333,0,0.25,0,0.333333333,0.470880288,1,0,0.2,0.2,0.439252336,0.333333333,0.5,0.363892807,0.666666667,1,1,0.123687281,0,0,0,0,0,0,0.75,1,0,0.647685462,1,0.666666667,0.75,11.60823564,0,0,0
6.754604099,0.487991956,0.75,0.418208121,0.358667735,1,1,0,0.333333333,1,0,0,0.590909091,0.4,1,0.75,1,0.77815125,0.73248676,0.110294118,0.245901639,0,0,0.6,0.6,0,0,0.333333333,1,1,0.75,0.75,0.25,0.833333333,0,0.666666667,0,0.326056665,0.114893617,1,0.75,1,1,0.281097423,0.416132479,0,0.526851546,0,0,0.666666667,0.5,0.375,0,0.333333333,0.564575034,1,0.333333333,0.6,0.8,0.140186916,1,0.5,0.241889986,0.666666667,1,1,0,0.065813528,0,0,0,0,0,0.75,1,0,0.442114109,0.750186691,0.666666667,0.75,12.06681058,0,0,0
7.056175284,0.487991956,0.75,0.476078049,0.381277785,1,1,0,0.333333333,1,0,0,0.545454545,0.4,1,0.75,1,0.77815125,0.815464877,0.25,0.573770492,1,0,0.6,0.6,0.666666667,0.16875,0.666666667,1,0.5,0.5,0.75,0.25,0.666666667,0.078313253,0.666666667,0,0.213190896,0.147463175,1,0.5,1,1,0.392785548,0.498397436,0,0.610486714,0,0,0.666666667,0.5,0.5,0,0.666666667,0.712414374,1,0.333333333,0.6,0.8,0.317757009,0.666666667,0.5,0.380818054,1,1,1,0,0.126142596,0,0,0,0,0,0.75,1,0,0.783091851,0.500249004,0.666666667,0.75,12.1281111,0,0,0
6.899723107,0.556464057,0.25,0.648214304,0.510735928,1,0,0,0.333333333,1,0.5,0,0.227272727,0,1,0.75,1,0.903089987,1,0.933823529,0.393442623,0,0,0.1,0.1,0,0,0.666666667,0.666666667,0.25,0.5,0.75,0.25,0.333333333,0.03827073,0.666666667,0,0.325127729,0.149918167,1,0.75,1,1,0.38179209,0.441239316,0,0.584270998,0,0,0.333333333,0.5,0.5,0,0.666666667,0.712414374,1,0.333333333,0.8,0.8,0.785046729,0.333333333,0.5,0.299012694,0.666666667,1,0.5,0,0.308957952,0,0,0,0,0,0.75,1,0,0.964984046,0.750186691,0.666666667,0.75,12.03171926,0,0,0
7.214504414,0.923665934,1,0.388581117,0.095438705,1,1,0,0.333333333,1,0,0,0.818181818,0.4,1,0.5,1,0.77815125,0.73248676,0.073529412,0.180327869,0,0,0.3,0.2,0.666666667,0.135,0.666666667,1,1,0.75,0.75,0.25,1,0.066973777,0.666666667,0,0.175568974,0.123731588,1,1,1,1,0.315594486,0.429487179,0,0.548171046,0,0,0.666666667,0.5,0.375,0,0.666666667,0.470880288,1,0,0.2,0.4,0.093457944,0.333333333,0.5,0.310296192,0.666666667,1,1,0,0.058500914,0,0,0,0,0,0.75,1,0,0.721057054,1,0.666666667,0.75,12.08672589,1,0,0
6.476972363,0.975983912,0.25,0,0.077946283,1,1,0,0.333333333,1,0,0,0.045454545,0.4,1,0.5,0,0.602059991,0.815464877,0.272058824,0.62295082,0,0,0.9,0.9,0,0,0.333333333,1,0.5,0.75,0.75,0.75,0.333333333,0.023210489,0.833333333,0.3385346,0,0.103109656,1,0.75,1,1,0.240145793,0,0,0.224482437,0.333333333,0,0.333333333,0,0.125,0,0.333333333,0.208367847,1,0,0.2,0,0.018691589,0,0,0,0,0,1,0,0,0,0,0,0,0,0.5,1,0,1,0.250186815,0.666666667,0.75,11.34450681,0,0,1
6.586171655,0,0.75,0.521832514,0.454914634,1,1,0.333333333,0.333333333,1,0,0,0.136363636,0.4,1,0.75,0.6,0.954242509,0.73248676,0.014705882,0.032786885,1,0,0.9,0.9,1,0.2125,1,1,1,1,0.75,0.25,1,0.218639263,0.666666667,0,0.215513237,0.277905074,1,1,1,1,0.615357372,0,0,0.575221079,0.333333333,0,0.666666667,0,0.375,0,1,0.712414374,1,0.333333333,0.8,0.8,0.018691589,1,0.75,0.541607898,0.666666667,1,1,0.381563594,0.117001828,0,0,0,0,0,0.75,1,0,0.278942946,0.750186691,0.666666667,0.75,12.67607627,0,0,0
6.356107661,0.407006649,0.75,0.495063747,0.367037527,1,1,0,0.333333333,1,0,0,0.363636364,0.4,1,0.75,0.2,0.698970004,0.73248676,0.448529412,0.967213115,0,0,0.3,0.2,0,0,0.333333333,1,0.5,0.5,0.75,0.25,0.166666667,0.078313253,0.666666667,0,0.181142592,0.136170213,1,0.5,1,1,0.345392885,0.205128205,0,0.457109413,0,0,0.333333333,0,0.25,0,0.333333333,0.564575034,1,0,0.2,0.4,0.570093458,0.333333333,0.25,0.236953456,0.666666667,1,1,0.184364061,0,0.184782609,0,0,0,0,0.75,1,0,0.926628408,0.500249004,0,0.25,11.68266824,0,0,0
6.591673732,0.668095268,0.75,0.517503342,0.426234215,1,1,0,0.333333333,1,0.5,0,0.363636364,0.4,1,0.25,0.6,0.698970004,0.73248676,0.375,0.852459016,0,0,1,1,0.666666667,0.059375,0.333333333,1,0.5,0.5,0.75,0.25,0.833333333,0,0.666666667,0,0.735717603,0.259247136,1,0.5,1,1,0.632353781,0,0,0.591108908,0.333333333,0,0.666666667,0,0.5,0.23104906,0.333333333,0.772942881,1,0,0.2,0.4,0.38317757,0.333333333,0.75,0.626234133,0.666666667,1,1,0,0.045703839,0,0,0,0,0,0.75,1,0,0.783091851,0.750186691,0,0.25,11.60823564,0,0,0
6.741700695,0.487991956,0.75,0.471175462,0.385460435,1,1,0,0.333333333,1,0,0,0.454545455,0.4,1,0.75,1,0.84509804,0.73248676,0.117647059,0.278688525,0,0,0.6,0.6,0.666666667,0.085625,0.666666667,1,1,0.75,0.75,0.25,0.666666667,0.090892984,0.666666667,0,0.105434278,0.12111293,1,1,1,1,0.417259237,0.410790598,0,0.590909668,0.333333333,0,0.666666667,0.5,0.375,0,0.666666667,0.643792813,1,0.333333333,0.6,0.8,0.14953271,0.333333333,0.5,0.299717913,0.666666667,1,1,0.273045508,0.131627057,0.347826087,0,0,0,0,0.75,1,0,0.783091851,0.750186691,0.666666667,0.75,12.26904744,0,0,0
5.888877958,0.642706105,0.75,0.388581117,0.344043051,1,1,0.333333333,0.333333333,1,1,0,0.409090909,0.4,1,0.75,0,0.77815125,0.815464877,0.213235294,0.491803279,0,0,1,1,0,0,0.333333333,1,0.5,0.75,0.75,0.75,1,0.136959603,0.666666667,0,0.053413841,0.145335516,1,1,1,1,0.380135924,0,0,0.3553418,0.333333333,0,0.333333333,0,0.25,0,0.333333333,0.470880288,1,0.333333333,0.6,0.8,0.271028037,0.666666667,0.5,0.33145275,0.666666667,1,1,0,0,0,0,0.4,0,0,0.5,1,0,0.721057054,0.250186815,0.666666667,0.75,11.95761129,1,0,0
1.609437912,0.487991956,0.75,0.513122936,0.46876115,1,1,0.333333333,0.333333333,1,0.25,0,1,0.4,1,0.75,1,0.903089987,0.73248676,0.058823529,0.147540984,0,0,1,1,0.666666667,0.21875,0.666666667,1,1,0.75,0.75,0.75,1,0.116052445,0.666666667,0,0.22758941,0.187397709,1,1,1,1,0.466237052,0.5625,0,0.666522882,0.333333333,0,0.666666667,0.5,0.5,0,0.666666667,0.772942881,1,0.333333333,0.6,0.8,0.074766355,0.666666667,0.75,0.589562764,0.666666667,1,1,0.22403734,0.153564899,0,0,0,0,0,0.75,1,0,1,0.500249004,0.666666667,0.75,12.4292162,0,0,0
6.520621128,0,0.75,0.495063747,0.432428793,1,1,0.333333333,0.333333333,1,0,0,0.909090909,0.4,1,0.75,0.6,0.903089987,0.73248676,0.007352941,0.032786885,1,0,1,1,1,0.29,0.666666667,1,1,1,0.75,0.5,0.833333333,0,0.666666667,0,0.950301904,0.334860884,1,1,1,1,0.685910813,0,0,0.641172717,0,0,0.666666667,0.5,0.375,0,0.666666667,0.643792813,1,0.333333333,0.8,0.8,0.009345794,1,0.75,0.588152327,0.666666667,1,1,0.375729288,0.149908592,0,0,0,0,0,0.75,1,0,0.783091851,0.750186691,1,1,12.82799232,0,0,0
6.326149473,0.487991956,0.75,0.369595419,0.552478966,1,1,1,1,1,0.25,0,0.590909091,0.4,1,0.75,1,0.84509804,0.73248676,0.088235294,0.196721311,0,0,0.6,0.6,0,0,0.333333333,1,1,0.75,0.75,1,1,0.1070163,0.666666667,0,0.058058523,0.119312602,1,1,1,1,0.295379622,0.383012821,0,0.518391109,0,0.5,0.666666667,0.5,0.375,0,0.333333333,0.564575034,1,0.333333333,0.6,0.8,0.112149533,0.333333333,0.5,0.286318759,0.666666667,1,1,0.308051342,0.040219378,0,0,0,0,0,0.75,1,0,0.836828837,0.500249004,0.666666667,0.75,12.07254125,0,0,0
3.555348061,0.795880601,0.75,0.388581117,0.338060251,1,1,0,0.333333333,1,0,0,0.954545455,0.4,1,1,0.6,0.954242509,0.73248676,0.014705882,0.049180328,1,0,0.3,0.2,0.666666667,0.15375,1,1,1,1,0.75,0.25,1,0.204287739,0.666666667,0,0.189503019,0.255482815,1,1,1,1,0.583521876,0,0,0.545462032,0.333333333,0,0.666666667,0,0.25,0,1,0.564575034,1,0.333333333,0.8,0.8,0.018691589,1,0.5,0.392101551,0.666666667,1,1,0.236872812,0.085923218,0,0,0,0,0,0.75,1,0,0.836828837,0.250186815,0.666666667,0.75,12.53357621,0,0,0
6.933423026,0,0.75,0.445638443,0.34815275,1,1,0,0.333333333,1,0.5,0,0.681818182,0.4,1,0.75,0.6,0.698970004,0.73248676,0.257352941,0.590163934,0,0,1,1,0,0,0.333333333,1,0.5,0.5,0.75,0.25,0.5,0.024450744,0.5,0.317503392,0.128193219,0.144353519,1,0.5,1,1,0.36747811,0,0,0.343509584,0.333333333,0,0.333333333,0,0.375,0,0.333333333,0.470880288,1,0,0.2,0.4,0.252336449,0.333333333,0.5,0.325105783,0.666666667,1,1,0.11201867,0,0,0,0,0,0,0.5,1,0,0.442114109,0.250186815,0.666666667,0.75,11.6307085,0,0,0
6.309918278,0.487991956,1,0.471175462,0.386675033,1,1,0,0.333333333,1,0,0,0.818181818,0.4,1,0.75,1,0.84509804,0.73248676,0.044117647,0.098360656,0,0,1,1,0,0,0.666666667,1,1,0.75,0.75,0.25,0.833333333,0,0.666666667,0,0.423594984,0.149263502,1,1,1,1,0.380135924,0.631410256,0,0.64937599,0,0,0.666666667,0.5,0.5,0,0.666666667,0.712414374,1,0.333333333,0.8,1,0.056074766,1,0.5,0.43370945,0.666666667,1,1,0.212368728,0.332723949,0,0,0,0,0,0.75,1,0,0.964984046,0.750186691,0.666666667,0.75,12.47990931,0,0,0
7.008505182,0.487991956,0.75,0.570180263,0.439121187,1,1,0.333333333,0.333333333,1,0.5,0,1,0.4,1,0.75,1,0.903089987,0.73248676,0.117647059,0.262295082,0,0,0.6,0.6,0.666666667,0.22625,0.666666667,1,1,1,0.75,0.75,1,0.182849043,0.666666667,0,0.200185787,0.239443535,1,1,1,1,0.568436942,0.599358974,0,0.728920727,0.333333333,0,0.666666667,0.5,0.375,0,0.666666667,0.772942881,1,0.666666667,0.6,0.8,0.14953271,0.666666667,0.5,0.502115656,0.666666667,1,1,0.217036173,0.058500914,0,0,0,0,0,0.75,1,0,0.557885891,1,0.666666667,0.75,12.69158046,0,0,0
5.170483995,0,0.75,0.513122936,0.444771733,1,1,0,0.333333333,1,0.5,0,0.136363636,0.4,1,0.75,0.6,0.77815125,0.885621875,0.419117647,0.114754098,0,0,0.2,0.3,0,0,0.333333333,1,0.5,0.5,1,0.75,0.666666667,0.084514529,0.666666667,0,0.336739433,0.196726678,1,0.5,1,1,0.706079494,0,0,0.660025909,0.333333333,0,0.666666667,0,0.5,0,0.666666667,0.643792813,1,0.333333333,0.8,0.8,0.53271028,0.333333333,0.5,0.406205924,0.666666667,1,1,0,0.053016453,0.070652174,0,0,0,0,0.5,1,0,0.721057054,0.250186815,0.666666667,0.75,12.40081672,0,0,0
4.007333185,0.615777289,0.75,0.388581117,0.333210085,1,1,0,0,1,0,0.5,0.363636364,0.4,1,0.75,0.8,0.698970004,0.73248676,0.382352941,0.868852459,0,0,0.3,0.2,0,0,0.333333333,1,0.5,0.5,0.75,0.25,0.666666667,0.068036853,0.666666667,0,0,0.062847791,1,0.5,1,1,0.531357887,0,0,0.496700407,0,0,0.333333333,0,0.375,0,0.333333333,0.564575034,0.75,0.333333333,0.6,0.4,0.420560748,0.333333333,0.5,0.403385049,0.666666667,1,1,0,0.091407678,0,0,0,0,0,0.5,1,0,0.278942946,0.250186815,0.666666667,0.75,11.77528973,0,0,0
5.996452089,0,0.75,0.418208121,0.373551823,1,1,0.333333333,0.333333333,1,0,0,0.681818182,0.4,1,0.75,0.6,0.84509804,0.73248676,0.007352941,0.032786885,0,0,1,1,0,0,0.666666667,1,1,0.75,0.75,0.75,1,0.004252303,0.666666667,0,0.597306085,0.214402619,1,1,1,1,0.517182696,0,0,0.483449784,0,0,0.666666667,0,0.375,0,0.666666667,0.564575034,1,0.333333333,0.8,0.8,0.009345794,1,0.5,0.282087447,0.666666667,1,1,0,0,0,0,0,0,0,0.75,1,0,0.783091851,0,1,1,12.01364014,0,0,0
7.012115294,0,0.75,0.602701261,0.424297339,1,1,0.333333333,0.333333333,1,0,0,0.954545455,0.4,1,0.75,0.6,0.903089987,0.73248676,0.036764706,0.081967213,0,0,0.3,0.2,1,0.02625,0.666666667,1,1,1,0.75,0.5,1,0.184089298,0.666666667,0,0.370181143,0.300490998,1,1,1,1,0.644927475,0,0,0.60286249,0.333333333,0,0.666666667,0,0.375,0,0.666666667,0.643792813,1,0.333333333,0.8,0.8,0.046728972,1,0.75,0.607898449,0.666666667,1,1,0.145857643,0.33820841,0,0,0,0,0,0.75,1,0,0.442114109,0.750186691,0.666666667,0.75,12.54254488,0,0,0
5.446737372,0.487991956,0.75,0.782673104,0.4804552,1,1,0.333333333,0.333333333,1,0,0,1,0.4,1,0.75,1,0.903089987,0.73248676,0.102941176,0.229508197,0,0,1,1,0.666666667,0.31625,0.666666667,1,1,0.75,0.75,0.25,1,0.122076541,0.666666667,0,0.359033906,0.239279869,1,1,1,1,0.565905606,0.696581197,0,0.751396915,0.333333333,0,0.666666667,0.5,0.5,0,1,0.772942881,1,0.333333333,0.6,0.8,0.130841121,1,0.75,0.57122708,0.666666667,1,1,0,0.26691042,0.365942029,0,0,0,0,0.75,1,0,0.783091851,0.750186691,0.666666667,0.75,12.90669184,0,0,0
5.802118375,0.668095268,0.75,0.388581117,0.411153194,1,1,0.333333333,0.333333333,1,0,0,0.363636364,0.4,1,0.25,0.6,0.698970004,0.630929754,0.316176471,0.721311475,0,0,0.6,0.6,0.666666667,0.0525,0.333333333,1,0.5,0.5,0.75,0.25,1,0.007087172,0.5,0.179104478,0.661402694,0.282815057,1,0.5,1,1,0.621985096,0,0,0.581416513,0,0.5,0.666666667,0,0.75,0.23104906,0.333333333,0.827087475,1,0,0.2,0.4,0.046728972,0.333333333,0.25,0.248236953,0.666666667,1,1,0.180863477,0,0,0,0,0,0,0.75,1,0,0.964984046,0.250186815,0.666666667,0.75,11.68687877,1,0,0
6.308098442,0,0.25,0.313618794,0.361299669,1,1,0.333333333,1,1,0,0,0.227272727,0.2,0,0.75,0.6,0.698970004,0.885621875,0.389705882,0.229508197,0,0,0.3,0.2,0,0,0.333333333,0.666666667,0.5,0.5,0.75,0.25,0.5,0.031892275,0.5,0.437584803,0,0.13502455,1,0.5,1,1,0.342195481,0,0,0.319875998,0.333333333,0,0.333333333,0,0.25,0,0.333333333,0.356207187,1,0,0.2,0.4,0.420560748,0.666666667,0.5,0.507757405,0.666666667,1,1,0.16336056,0.091407678,0,0,0,0,0,0.5,1,0,0.721057054,0.500249004,0.666666667,0.75,11.73606902,0,0,0
5.455321115,0,0.75,0.471175462,0.411631585,1,1,0,0.333333333,1,0.5,0,0.681818182,0.4,1,0.75,0.6,0.698970004,0.815464877,0.25,0.573770492,0,0,0.6,0.6,0,0,0.333333333,1,0.5,0.5,1,0.75,0.5,0.032246634,1,0.483039349,0,0.146317512,1,0.5,1,1,0.372592152,0,0,0.348290066,0.333333333,0,0.333333333,0,0.375,0,0.333333333,0.470880288,1,0,0.2,0.8,0.317757009,0.333333333,0.25,0.217207334,0.666666667,1,1,0.425904317,0,0,0,0,0,0,0.5,1,0,0.278942946,1,0.666666667,0.75,11.76134682,0,0,0
6.793466133,0.487991956,0.75,0.445638443,0.421206911,1,1,0,0.333333333,1,0,0,0.272727273,0.4,1,0.75,1,0.77815125,0.73248676,0.227941176,0.524590164,1,0,0.6,0.6,0.666666667,0.0575,0.333333333,1,0.5,0.5,0.75,0.25,0.5,0.040042523,0.5,0.339213026,0.089177891,0.150245499,1,0.75,1,1,0.382617463,0.408653846,0,0.572082191,0,0,0.666666667,0.5,0.375,0,0.333333333,0.643792813,1,0.333333333,0.6,0.8,0.289719626,0.666666667,0.5,0.310296192,0.666666667,1,1,0.283547258,0,0,0,0,0,0,0.75,1,0,0.783091851,0.750186691,0.666666667,0.75,12.05815252,0,0,0
6.956545443,0,0.75,0.388581117,0.419731384,1,1,0,0.666666667,1,0,0,0.136363636,0.4,1,0.75,0.6,0.602059991,0.885621875,0.470588235,0.081967213,0,0,0.3,0.2,0,0,0.333333333,1,0.5,0,0.25,0,0,0,0,0,0,0,1,1,1,1,0.387532251,0,0,0.362255706,0,0,0.333333333,0,0.25,0,0.666666667,0.564575034,1,0,0.2,0.4,0.598130841,0.333333333,0.25,0.217207334,0.666666667,1,1,0,0,0,0,0,0,0,0.75,1,0,0.557885891,1,0.666666667,0.25,11.34922937,0,0,0
5.087596335,0.487991956,0.75,0.612936198,0.460748707,1,1,0.333333333,0.333333333,1,0,0,0.954545455,0.4,1,0.75,1,0.954242509,0.73248676,0.036764706,0.081967213,0,0,1,1,0.666666667,0.415,0.666666667,1,1,1,0.75,0.75,1,0.180014174,0.666666667,0,0.25824431,0.257283142,1,1,1,1,0.586179254,0.585470085,0,0.735073061,0.333333333,0,0.666666667,0.5,0.375,0,1,0.827087475,1,0.666666667,0.8,1,0.046728972,1,0.75,0.511988717,0.666666667,1,1,0.466744457,0,0,0,0,0,0,0.75,1,0,0.442114109,0.500249004,0.666666667,0.75,12.92999148,0,0,0
6.188264123,0,0.75,0.490407837,0.404882369,1,1,0,0.333333333,1,0,0,0.363636364,0.4,1,0.75,0.6,0.698970004,0.885621875,0.308823529,0.704918033,1,0,0.3,0.2,0.666666667,0.105,0.333333333,1,0.5,0.5,0.75,0.25,0.666666667,0.148121899,0.666666667,0,0.11007896,0.175613748,1,0.5,1,1,0.441659254,0,0,0.41285231,0.333333333,0,0.333333333,0.5,0.375,0,0.333333333,0.564575034,1,0,0.2,0.8,0.392523364,0.666666667,0.5,0.363187588,0.666666667,1,1,0,0,0,0,0,0,0,0.75,1,0,0.721057054,0.250186815,0.666666667,0.75,11.95761129,0,0,0
7.197435354,0,0.75,0.495063747,0.392333481,1,1,0,0.333333333,1,0,0,0.545454545,0.4,1,0.75,0.6,0.77815125,0.73248676,0.235294118,0.540983607,0,0,0.7,0.7,0.666666667,0.225,0.333333333,1,0.5,0.75,0.75,0.25,0.666666667,0.121545004,0.666666667,0,0.308406874,0.220949264,1,0.5,1,1,0.524053082,0,0,0.489872053,0,0.5,0.666666667,0,0.25,0,0.333333333,0.564575034,1,0.333333333,0.6,0.8,0.299065421,0.666666667,0.5,0.444287729,0.666666667,1,1,0,0.029250457,0,0,0,0,0,0.75,1,0,0.557885891,0.750186691,0.666666667,0.75,12.03112384,0,0,0
5.976350909,0.180103312,0.75,0.388581117,0.341587738,1,1,0,0.333333333,1,0.5,0,0.181818182,0.2,1,0.75,0.6,0.602059991,0.73248676,0.477941176,0.93442623,0,0,0.2,0.3,0,0,0.333333333,1,0.5,0.5,0.75,0.25,0.166666667,0.047129695,0.666666667,0,0.242452392,0.128968903,1,0.5,1,0.666666667,0.324830954,0,0,0.303644062,0,0,0.333333333,0,0.25,0,0.333333333,0.356207187,1,0.666666667,0.6,0,0.009345794,0,0,0,0,0,1,0,0,0,0,0,0,0,0,1,0,0.557885891,0,0.666666667,0.25,11.51292546,1,0,1
6.056784013,0.615777289,0.75,0.388581117,0.447621099,1,1,0,0.666666667,1,0,0.5,0.454545455,0.4,1,0.75,0.8,0.84509804,0.73248676,0.147058824,0.344262295,0,0,0.1,0.1,0.666666667,0.090625,0.666666667,1,1,0.75,0.75,1,1,0.268958186,0.666666667,0,0,0.248445172,1,0.75,1,1,0.603126863,0,0,0.563788297,0.333333333,0.5,0.666666667,0,0.25,0,0.666666667,0.470880288,1,0.333333333,0.6,0.8,0.186915888,1,0.5,0.401269394,0.666666667,1,1,0.093348891,0,0,0,0.825,0,0,0.75,1,0,0.836828837,0.750186691,0.666666667,0.75,12.52452638,1,0,0
7.201170883,0,0.75,0.445638443,0.362696894,1,1,0,0.333333333,1,0,0,0.363636364,0.4,1,0.75,0.6,0.602059991,0.73248676,0.264705882,0.606557377,0,0,0.3,0.2,0,0,0.333333333,1,0.5,0.5,0.75,0.25,0.833333333,0,0.666666667,0,0.398513702,0.140425532,1,0.5,1,1,0.363162974,0,0,0.3394759,0,0,0.333333333,0,0.375,0,0.333333333,0.470880288,1,0,0.2,0.4,0.308411215,0.333333333,1,0.338504937,0.666666667,1,1,0,0,0,0,0,0,0,0,1,0,0.721057054,0.250186815,0.666666667,0.75,11.71993963,0,0,0
6.608000625,0.556464057,0.25,0.388581117,0.391316766,1,0,0,0.333333333,1,0,0,0.227272727,0.4,1,0.75,1,0.698970004,0.885621875,0.713235294,0.098360656,0,0,0.1,0.3,0,0,0.333333333,0.666666667,0.25,0.25,0.5,0.25,0.833333333,0,0.666666667,0,0.122619601,0.043207856,1,1,1,1,0.315102055,0.354700855,0,0.514949453,0,0,0.666666667,0,0.25,0,0.333333333,0.643792813,1,0,0.2,0.4,0.906542056,0.333333333,0.5,0.253878702,0.666666667,0.666666667,1,0.315052509,0,0.202898551,0,0,0,0,1,1,0,0.647685462,0.250186815,0.666666667,0.25,11.7905572,0,0,0
6.603943825,0.487991956,0.75,0.45606561,0.40816452,1,1,0.333333333,1,1,1,0,0.590909091,0.4,1,0.75,1,0.903089987,0.73248676,0.007352941,0.032786885,0,0,1,1,0,0,0.666666667,1,1,0.75,0.75,0.25,0.833333333,0,0.666666667,0,0.414770088,0.146153846,1,1,1,1,0.375543736,0.480769231,0,0.596053779,0,0,0.666666667,0.5,0.375,0,0.666666667,0.712414374,1,0.333333333,0.8,0.8,0.009345794,1,0.75,0.564174894,0.666666667,1,1,0,0.212065814,0,0,0,0,0,0.75,1,0,0.721057054,0,0.666666667,0.75,12.38797745,0,0,0
6.887552572,0,0.75,0.495063747,0.374642668,1,1,0,0.333333333,1,0.5,0,0.272727273,0.2,1,0.75,0.6,0.698970004,0.815464877,0.338235294,0.770491803,0,0,1,1,0,0,0.333333333,1,1,0.5,0.75,0.25,0.166666667,0.115343728,0.666666667,0,0.218300046,0.183469722,1,0.5,1,1,0.458220512,0,0,0.428333371,0.333333333,0,0.333333333,0,0.375,0,0.333333333,0.470880288,1,0,0.2,0.4,0.429906542,0.333333333,0.5,0.338504937,0.666666667,1,1,0,0.146252285,0,0,0,0,0,0.5,1,0,0.721057054,0.750186691,0.666666667,0.75,11.84222921,0,0,0
4.682131227,0,0.25,0.321096624,0.299328966,1,1,0,0.333333333,1,0,0,0.227272727,0.4,1,0.75,0.6,0.698970004,0.73248676,0.441176471,0.967213115,0,0,1,1,0,0,0.333333333,1,0.5,0.5,0.75,0.25,0.666666667,0.018426648,0.166666667,0.114654003,0.239665583,0.12913257,1,1,1,1,0.325310895,0,0,0.304092699,0,0,0.333333333,0,0.25,0,0.333333333,0.470880288,1,0,0.2,0.4,0.560747664,0.333333333,0.25,0.176304654,0.666666667,1,1,0,0,0,0,0,0,0,0.75,1,0,0.557885891,0.500249004,0.666666667,1,11.65268741,0,0,0
6.423246964,0.642706105,0.75,0.495063747,0.374287142,1,1,0,0.333333333,1,0,0,0.363636364,0.2,1,0.75,0,0.77815125,0.885621875,0.345588235,0.786885246,0,0,0.3,0.2,0.666666667,0.0975,0.333333333,0.666666667,1,0.5,0.75,1,1,0.13518781,0.666666667,0,0.080352996,0.153191489,1,1,1,1,0.434898159,0,0,0.406532203,0.333333333,0,0.333333333,0,0.375,0,0.666666667,0.564575034,1,0,0.2,0.8,0.439252336,0.666666667,0.5,0.338504937,0.666666667,1,1,0.140023337,0,0,0,0,0,0,0.5,1,0,0.647685462,1,0.666666667,0.25,11.8313792,0,0,0
6.97634807,0,0.75,0.45606561,0.402258852,1,1,0,0.333333333,1,0,0,0.363636364,0.4,1,0.75,0.6,0.698970004,0.73248676,0.375,0.852459016,1,0,0.3,0.2,0.666666667,0.075,0.333333333,1,0.5,0.5,0.75,0.25,0.333333333,0.103827073,0.666666667,0,0.214584301,0.171522095,1,0.5,1,1,0.432737734,0,0,0.404512691,0.333333333,0,0.333333333,0,0.375,0,0.333333333,0.564575034,1,0,0.2,0.8,0.476635514,0.333333333,0.25,0.201692525,0.666666667,1,1,0,0.036563071,0,0,0.4,0,0,0.75,1,0,0.721057054,0.250186815,0.666666667,0.75,11.81303006,0,0,0
5.375278408,0,0.75,0.45606561,0.399521504,1,1,0.333333333,0.333333333,1,0,0,0.363636364,0.4,1,0.75,0.6,0.698970004,0.815464877,0.360294118,0.180327869,0,0,0.6,0.6,0.666666667,0.04,0.333333333,1,0.5,0.5,0.75,0.25,0.333333333,0.06378455,0.666666667,0,0.329772411,0.17512275,1,0.5,1,1,0.495178016,0,0,0.462880345,0,0.5,0.333333333,0,0.25,0,0.666666667,0.564575034,0.75,0.333333333,0.4,0.8,0.457943925,0.333333333,0.25,0.315232722,0.666666667,1,1,0,0,0,0,0,0,0,0.5,1,0,0.647685462,0,0.666666667,0.75,11.80894766,0,0,0
7.163172391,0.615777289,0.75,0.388581117,0.466719249,1,1,0.333333333,0.333333333,1,0.5,0,0.363636364,0.4,1,0.75,0.8,0.698970004,0.885621875,0.338235294,0.770491803,1,0,0.1,0.6,0.666666667,0.05375,0.333333333,1,1,0.5,0.75,0.75,1,0.179659816,0.666666667,0,0.064096609,0.188543372,1,0.5,1,1,0.468543575,0,0,0.437983119,0.333333333,0,0.333333333,0,0.375,0,0.333333333,0.564575034,1,0.333333333,0.8,0.8,0.429906542,0.666666667,0.5,0.341325811,0.666666667,1,1,0.26487748,0,0,0,0,0,0,0.75,1,0,0.557885891,1,0.666666667,0.75,12.10348606,1,0,0
6.504288174,0,0.75,0.418208121,0.358667735,1,1,0,0.333333333,1,0,0,0.454545455,0.4,1,0.75,0.6,0.77815125,0.73248676,0.102941176,0.180327869,0,0,0.6,0.6,0.666666667,0.16125,0.333333333,1,1,0.75,0.75,0.25,1,0.20163005,0.666666667,0,0.12540641,0.230441899,1,1,1,1,0.611098971,0,0,0.57124043,0.333333333,0,0.666666667,0,0.375,0,0.666666667,0.643792813,1,0.333333333,0.4,0.8,0.130841121,0.666666667,0.5,0.405500705,0.666666667,1,1,0.261376896,0.07678245,0,0,0,0,0,0.75,1,0,0.926628408,0.500249004,0.666666667,0.75,12.17303279,0,0,0
7.186144305,0,0.75,0.445638443,0.365182374,1,1,0,0.333333333,1,0,0,0.363636364,0.4,1,0.75,0.6,0.77815125,0.5,0.382352941,0.868852459,1,0,0.8,0.8,0,0,0.333333333,1,0.5,0.5,0.75,0.25,0.666666667,0.033486889,0.5,0.44843962,0.29168602,0.241898527,1,0.75,1,1,0.562845481,0,0,0.526134243,0.333333333,0,0.333333333,0.5,0.375,0,0.333333333,0.564575034,1,0.666666667,0.8,0.8,0.485981308,0.666666667,0.5,0.311706629,0.666666667,1,1,0.13302217,0,0,0,0.45,0,0,0.75,1,0,0.721057054,0.750186691,0.666666667,0.75,11.96081129,0,0,0
6.267200549,0,0.75,0.445638443,0.45512076,1,1,0,0.333333333,1,0,0,0.363636364,0.4,1,0.75,0.6,0.698970004,0.885621875,0.375,0.131147541,1,0,0.1,0.1,0,0,0.333333333,1,0.5,0.75,0.75,0.25,0.166666667,0.066796598,0.666666667,0,0.255921969,0.15188216,1,0.5,1,1,0.386717539,0,0,0.361494134,0,0,0.333333333,0,0.25,0,0.333333333,0.356207187,1,0,0.2,0.8,0.476635514,0.333333333,0.25,0.177715092,0.666666667,1,1,0.304550758,0,0.282608696,0,0,0,0,0.75,1,0,0.721057054,0.250186815,0.666666667,0.75,11.7905572,0,0,0
6.350885717,0.487991956,0.75,0.50869007,0.453034787,1,1,0.333333333,1,1,0.5,0,0.863636364,0.4,1,0.75,1,0.84509804,0.73248676,0,0.016393443,0,0,1,1,0,0,0.333333333,1,1,1,0.75,0.75,0.833333333,0,0.666666667,0,0.392940084,0.138461538,1,0.75,1,1,0.351707772,0.451923077,0,0.573968864,0,0,0.666666667,0.5,0.375,0,0.666666667,0.564575034,1,0,0.2,0.8,0,0.666666667,0.5,0.458392102,0.666666667,1,1,0.242707118,0.208409506,0,0,0,0,0,0.75,1,0,0.783091851,0.750186691,1,1,12.32163099,0,0,0
7.150701458,0.407006649,0.75,0.342664275,0.277325961,1,1,0,0.333333333,1,0.5,0,0.727272727,0.4,1,0.75,0.2,0.698970004,0.815464877,0.713235294,0.081967213,0,0,0.1,0.3,0,0,0.333333333,1,1,0.5,0.75,0.25,0.833333333,0,0.666666667,0,0.30701347,0.108183306,1,1,1,1,0.258323469,0.314636752,0,0.466864702,0,0,0.666666667,0,0.375,0,0.333333333,0.712414374,1,0.333333333,0.8,0.4,0.205607477,0.333333333,0.5,0.389280677,0.666666667,1,1,0.282380397,0,0.14673913,0,0,0,0,0.75,1,0,0.964984046,0.250186815,0.666666667,0.75,11.84222921,0,0,0
6.712956201,0.487991956,0.75,0.388581117,0.441312608,1,1,0.333333333,0.333333333,1,0.5,0,0.590909091,0.4,1,0.75,1,0.84509804,0.73248676,0.029411765,0.081967213,0,0,1,1,0,0,0.666666667,1,1,0.75,0.75,1,0.833333333,0,0.666666667,0,0.393404552,0.138625205,1,1,1,1,0.352154828,0.473290598,0,0.582438618,0,0,0.666666667,0.5,0.375,0,0.666666667,0.643792813,1,0.333333333,0.8,1,0.037383178,1,0.5,0.305359661,0.666666667,1,1,0.116686114,0.087751371,0,0,0,0,0,0.75,1,0,0.926628408,0.250186815,0.666666667,0.5,12.32385568,1,0,0
5.755742214,0.487991956,0.75,0.450888743,0.350552668,1,1,0.333333333,0.333333333,1,0,0,0.590909091,0.4,1,0.75,1,0.84509804,0.73248676,0.036764706,0.081967213,0,0,1,1,0,0,0.666666667,1,1,0.75,0.75,0.25,1,0.075301205,0.666666667,0,0.135160242,0.117184943,1,1,1,1,0.288570257,0.382478632,0,0.514949453,0.333333333,0,0.666666667,0.5,0.375,0,0.666666667,0.564575034,1,0.333333333,0.8,0.8,0.046728972,1,0.5,0.304654443,0.666666667,1,1,0.116686114,0.093235832,0,0,0,0,0,0.75,1,0,0.783091851,0.750186691,0.666666667,0.75,12.14685329,0,0,0
2.302585093,1,0.75,0.321096624,0.340903135,1,1,0,0.333333333,1,0.5,0,0.181818182,0,0,0,0.4,0.698970004,0.815464877,0.507352941,0.967213115,0,0,0.3,0.2,0,0,0.333333333,1,0.25,0.5,0.75,0.25,1,0.150779589,0.666666667,0,0.065025546,0.162193126,1,1,1,1,0.44306738,0,0,0.414168592,0.333333333,0,0.333333333,0,0.25,0.23104906,0.333333333,0.470880288,1,0.666666667,0.6,0.8,0.644859813,0.666666667,0.25,0.144569817,1,1,1,0,0.007312614,0,0,0,0,0,0.75,1,0,0,0.500249004,0.666666667,0.75,11.6784399,0,0,0
6.908754779,0,0.75,0.466207065,0.403297142,1,1,0,0.333333333,1,0.5,0,0.136363636,0.4,1,0.75,0.6,0.477121255,0.5,0.419117647,0.950819672,0.5,1,0.5,0.5,0,0,0.333333333,1,0,0,0.25,0,0,0,0,0,0,0,0.5,0.25,0,0.333333333,0.393186643,0,0,0.367541294,0,0,0.333333333,0,0.25,0,0,0.356207187,0.75,0,0.2,0.4,0.495327103,0.333333333,0.5,0.37235543,0.666666667,0.333333333,1,0,0,0,0,0,0,0,0.75,1,0,0.783091851,0.750186691,0.666666667,0.75,11.31447453,0,0,0
6.535241271,0,0.75,0.388581117,0.357798631,1,1,0,1,1,0,0,0.909090909,0.4,1,0.75,0.6,0.903089987,0.815464877,0,0.016393443,0,0,0.3,0.2,0.666666667,0,0.666666667,1,1,0.75,0.75,0.75,1,0.167434444,0.666666667,0,0.220157919,0.232242226,1,1,1,1,0.547429081,0,0,0.511723367,0.333333333,0,0.666666667,0,0.25,0,0.666666667,0.643792813,1,0.333333333,0.8,0.8,0,0.666666667,0.5,0.399858956,0.666666667,1,1,0.16336056,0,0,0,0,0,0,0.75,1,0,0.926628408,0.250186815,1,1,12.87901712,0,0,0
7.023758955,0,0.75,0.388581117,0.377069584,1,1,0.333333333,0.333333333,1,0.5,0,0.136363636,0.4,1,0.75,0.6,0.602059991,0.5,0.389705882,0.885245902,0,0,0,0,0,0,0.333333333,1,0.5,0.5,0.75,0.25,0.833333333,0,0.666666667,0,0.31212262,0.109983633,1,1,1,0.666666667,0.399547017,0,0,0.373486817,0,0,0.333333333,0,0.375,0,0.333333333,0.470880288,1,0,0.2,0.6,0.495327103,0.333333333,0.25,0.203102962,0.666666667,1,1,0.074679113,0,0,0,0.333333333,0,0,0.5,1,0,0.926628408,0.750186691,0,0.25,11.62625415,1,0,0
6.765038977,0,0.75,0.429425342,0.411741817,1,1,0.333333333,1,1,0,0,0.863636364,0.4,1,0.75,0.6,0.903089987,0.73248676,0.007352941,0.016393443,0,0,1,1,1,0.17125,0.666666667,1,1,0.75,0.75,0.75,0.833333333,0,0.666666667,0,0.760798885,0.268085106,1,1,1,1,0.603586965,0,0,0.564218389,0,0,0.666666667,0,0.375,0,0.666666667,0.564575034,1,0.333333333,0.8,0.8,0,0.666666667,0.75,0.613540197,0.666666667,1,1,0.22403734,0.146252285,0,0,0,0,0,0.75,1,0,0.964984046,0.250186815,1,1,12.42480649,0,0,0
7.102499356,0.642706105,0.75,0.440312596,0.403277964,1,1,0.333333333,0.333333333,1,0,0,0.363636364,0.4,1,0.75,0,0.698970004,0.73248676,0.323529412,0.737704918,0,0,0.3,0.2,0,0,0.333333333,1,0.5,0.5,0.75,0.75,0.333333333,0.138908575,0.666666667,0,0.065490014,0.151391162,1,0.5,1,1,0.414616799,0,0,0.387573682,0.333333333,0,0.333333333,0,0.375,0,0.333333333,0.564575034,1,0,0.2,0.8,0.411214953,0.333333333,0.25,0.211565585,0.666666667,1,1,0.175029172,0.131627057,0,0,0,0,0,0.75,1,0,0.647685462,0,0.666666667,0.75,11.80931948,0,0,0
6.380122537,0.307888645,0.25,0.321096624,0.38084811,1,1,0,0.333333333,1,0,0,0.181818182,0.6,0,0.75,0.6,0.698970004,0.815464877,0.573529412,0.803278689,0,0,1,1,0,0,0.333333333,1,0.25,0.5,0.75,0.25,0.833333333,0,0.666666667,0,0.344635392,0.121440262,1,0.5,1,0.666666667,0.320483874,0,0.272727273,0.364152495,0,0,0.333333333,0,0.25,0,0.333333333,0.356207187,1,0,0.2,0.4,0.186915888,0.333333333,0.25,0.217207334,0.666666667,1,0.5,0,0,0,0,0,0,0,0.75,0.5,0.038709677,0.836828837,0.500249004,0.666666667,0.75,11.2835123,0,0,0
5.075173815,0.487991956,0.75,0.68598681,0.528783702,1,1,0.333333333,1,1,0.5,0,0.590909091,0.4,1,0.75,1,0.84509804,0.73248676,0.007352941,0.016393443,0,0,1,1,0.666666667,0.285,0.666666667,1,1,0.75,0.75,0.5,1,0.01009922,0.666666667,0,0.620065026,0.227823241,1,1,1,1,0.54015906,0.571581197,0,0.706647422,0.333333333,0,0.666666667,0.5,0.5,0,0.666666667,0.772942881,1,0.333333333,0.8,0.8,0,0.666666667,0.5,0.406205924,0.666666667,1,1,0.278879813,0.241316271,0,0.330708661,0,0,0,0.75,1,0,0.442114109,0,1,1,12.67607627,0,0,0
5.537334267,0.615777289,0.75,0.517503342,0.386152424,1,1,0,0.333333333,1,0,0,0.363636364,0.4,1,0.75,0.8,0.77815125,0.885621875,0.316176471,0.278688525,1,0,0.6,0.6,0.666666667,0.0675,0.333333333,1,0.5,0.75,0.75,1,0.5,0.047838412,1,0.39348711,0.209939619,0.21309329,1,1,1,1,0.514864567,0,0,0.481282854,0,0.5,0.666666667,0,0.375,0,0.666666667,0.643792813,0.75,0,0.2,0.8,0.401869159,0.666666667,0.25,0.217912553,0.666666667,1,1,0.388564761,0,0,0,0,0,0,0.5,1,0,0.926628408,0.250186815,0.333333333,0.75,11.97035031,0,0,0
7.029972912,0.668095268,0.25,0.388581117,0.335012433,1,0,0,0.333333333,1,0,0,0.227272727,0.4,1,0.25,0,0.698970004,0.73248676,0.198529412,0.459016393,0,0,0.3,0.2,0.666666667,0.1125,0.333333333,1,0.5,0.75,0.75,1,1,0.16583983,0.666666667,0,0,0.153191489,1,0.5,1,1,0.389965914,0,0,0.364530635,0.333333333,0,0.333333333,0,0.25,0,0.333333333,0.356207187,1,0,0.2,0.4,0.252336449,0.333333333,0.5,0.473906911,0.666666667,1,1,0.057176196,0,0,0,0,0,0,0.75,1,0,0.836828837,0.250186815,0.666666667,0.75,11.8493977,0,0,0
6.779921907,0,0.75,0.388581117,0.329498907,1,1,0.333333333,0.333333333,1,1,0,0.681818182,0.4,1,0.75,0.6,0.698970004,0.94639463,0.227941176,0.081967213,0,0,1,1,0.666666667,0.05625,0.666666667,0.666666667,0.5,0.5,0.75,0.25,0.666666667,0.114457831,0.666666667,0,0.101254064,0.141407529,1,1,1,1,0.359675084,0,0,0.336215505,0.333333333,0,0.333333333,0,0.375,0,0.333333333,0.564575034,1,0,0.2,0.8,0.289719626,0.333333333,0.25,0.236953456,0.666666667,1,1,0,0,0,0,0,0,0,0,1,0,0.783091851,0.750186691,0.666666667,0.75,11.82407989,1,0,0
6.284134161,1,0.75,0.445638443,0.329498907,1,1,0,0.333333333,1,0,0,0.136363636,0.4,1,0,1,0.698970004,0.885621875,0.720588235,0.295081967,0,0,0.3,0.2,0,0,0.333333333,1,0.5,0.75,0.75,1,1,0.171686747,0.666666667,0,0.068741291,0.182815057,1,0.5,1,1,0.339894967,0.281517094,0,0.493302706,0.333333333,0,0.333333333,0,0.375,0,0.333333333,0.470880288,1,0,0.2,0,0.028037383,0,0,0,0,0,0,0.099183197,0,0.268115942,0,0,0,0,0.75,1,0,0,0.500249004,0.666666667,0.75,11.58524613,0,0,1
6.954638865,0,0.75,0.369595419,0.383942096,1,1,1,0.333333333,1,0,0,0.681818182,0.4,1,0.75,0.6,0.698970004,0.73248676,0.102941176,0.229508197,0,0,1,1,0,0,0.333333333,1,1,0.75,0.75,0.25,1,0.121545004,0.666666667,0,0.141198328,0.16202946,1,1,1,1,0.411192039,0,0,0.3843723,0,0.5,0.333333333,0,0.375,0,0.333333333,0.470880288,1,0,0.2,0.4,0.112149533,0.333333333,0.5,0.473906911,0.666666667,1,1,0,0,0,0,0,0,0,0.75,1,0,0.278942946,0.500249004,0.666666667,0.75,11.88448902,0,0,0
7.068172,0.407006649,0.75,0.696874065,0.514672224,1,1,0.333333333,0,1,0,0,0.772727273,0.4,1,0.75,0.2,0.698970004,0.815464877,0.448529412,0.229508197,0,0,0.3,0.2,0,0,0.333333333,1,0.5,0.5,0.75,0.25,0.166666667,0.026931254,0.166666667,0.318181818,0.453785416,0.261538462,1,0.5,1,1,0.601280843,0.518696581,0.837412587,0.786560221,0,0,1,0,0.375,0,1,0.920782221,0,0.333333333,0.8,0,0.018691589,0,0,0,0,0,1,0.14235706,0,0,0,0,0,0,0.5,1,0,0.442114109,0.250186815,0.666666667,0.75,12.20856953,0,0,1
6.865891075,0,0.75,0.418208121,0.366343904,1,1,0,0.333333333,1,0,0,0.681818182,0.4,1,0.75,0.6,0.84509804,0.73248676,0.029411765,0.081967213,0,0,1,1,0,0,0.666666667,1,1,0.75,0.75,0.5,1,0.123848335,0.666666667,0,0.296330701,0.218821604,1,1,1,1,0.524903176,0,0,0.4906667,0.333333333,0,0.666666667,0,0.375,0,0.666666667,0.564575034,1,0,0.2,0.8,0.037383178,0.666666667,0.5,0.374471086,0.666666667,1,1,0,0.071297989,0,0,0,0,0,0.75,1,0,0.926628408,0.250186815,0.666666667,0.75,12.1281111,0,0,0
7.247792582,0.407006649,0.75,0.388581117,0.407170601,1,0,0,0.333333333,1,0.5,0,0.227272727,0,1,0.75,0.2,0.477121255,0.630929754,0.669117647,0.93442623,0,0,0.1,0.1,0,0,0.333333333,1,1,0.5,0.75,0.25,0.833333333,0,0.666666667,0,0.31212262,0.109983633,1,0.5,1,1,0.27676003,0.277777778,0,0.456527108,0,0,0.333333333,0,0.375,0,0.333333333,0.564575034,1,0,0.2,0.4,0.074766355,0.333333333,0.75,0.660084626,0.666666667,1,1,0.252042007,0,0.289855072,0,0,0,0,0.5,1,0,0,0,0.666666667,0.5,11.56171563,0,0,0
6.238324625,0.795880601,0.75,0.238502279,0.323595156,1,1,0.333333333,0.333333333,1,0,0,0.954545455,0.4,1,1,0.6,0.84509804,0.73248676,0.007352941,0.016393443,0,0,1,1,1,0.05875,0.666666667,1,1,0.75,0.75,0.25,0.833333333,0,0.666666667,0,0.635392476,0.223895254,1,1,1,1,0.533577444,0,0,0.498775195,0,0,0.666666667,0,0.25,0,0.666666667,0.564575034,1,0.333333333,0.8,0.8,0.009345794,0.666666667,0.5,0.334273625,0.666666667,1,1,0.154025671,0.063985375,0,0,0,0,0,0.75,1,0,0.442114109,0,1,1,12.21930965,0,0,0
5.356586275,0,0.75,0.50869007,0.407358519,1,1,0,0.333333333,1,0.5,0,0.136363636,0.4,1,0.75,0.6,0.77815125,0.73248676,0.007352941,0.032786885,0,0,1,1,0,0,0.333333333,1,1,0.75,0.75,0.5,1,0.006378455,0.666666667,0,0.546214584,0.198363339,1,1,1,1,0.487757517,0,0,0.455943843,0,0,0.666666667,0,0.375,0,0.666666667,0.564575034,1,0,0.2,0.8,0.009345794,0.666666667,0.5,0.324400564,0.666666667,1,1,0.116686114,0.040219378,0,0,0,0,0,0.75,1,0,0.442114109,1,0.666666667,0.75,12.13350195,0,0,0
4.812184355,0,0.75,0.471175462,0.388524278,1,1,0,0.333333333,1,0.5,0,0.363636364,0.4,1,0.75,0.6,0.77815125,0.885621875,0.367647059,0.836065574,1,0,0.3,0.2,0.666666667,0.084375,0.333333333,0.666666667,0.5,0.5,0.75,0.25,0.333333333,0.100992204,0.666666667,0,0.236878774,0.176759411,1,0.75,1,1,0.444120046,0,0,0.415152599,0,0,0.333333333,0,0.375,0,0.333333333,0.470880288,1,0,0.2,0.8,0.46728972,0.333333333,0.25,0.203102962,0.666666667,1,1,0,0,0,0,0.270833333,0,0,0.75,1,0,0.721057054,0.500249004,0.666666667,0.75,11.82041016,0,0,0
6.770789424,0.487991956,0.75,0.445638443,0.373171941,1,1,0,0.333333333,1,0,0,0.681818182,0.4,1,0.75,1,0.77815125,0.73248676,0.088235294,0.213114754,0,0,1,1,0.666666667,0.0725,0.333333333,1,1,0.75,0.75,0.25,1,0.089475549,0.666666667,0,0.138875987,0.131587561,1,1,1,1,0.332437911,0.469017094,0,0.571871939,0,0,0.666666667,0.5,0.375,0,0.666666667,0.643792813,1,0,0.2,0.8,0.112149533,0.666666667,0.5,0.368829337,0.666666667,1,1,0,0.140767824,0,0,0,0,0,0.75,1,0,0.721057054,1,0.666666667,0.75,12.20856953,0,0,0
5.899897354,0.487991956,0.75,0.388581117,0.522857085,1,1,0.333333333,0.333333333,1,0.25,0,0.545454545,0.4,1,0.75,1,0.77815125,0.73248676,0.220588235,0.508196721,0,0,0.6,0.6,0.666666667,0.075,0.333333333,1,1,0.75,0.75,0.5,1,0.126151665,0.666666667,0,0.039015327,0.130278232,1,0.5,1,1,0.325790228,0.418803419,0,0.548395863,0.333333333,0,0.666666667,0.5,0.375,0,0.333333333,0.564575034,1,0.333333333,0.6,0.8,0.280373832,1,0.5,0.399153738,0.666666667,1,1,0.35705951,0.202925046,0,0,0,0,0,0.75,1,0,0.783091851,0,0.666666667,0.75,12.15477935,1,0,0
6.989335266,0.487991956,0.75,0.388581117,0.45112169,1,1,1,0.333333333,1,0.5,0,0.590909091,0.4,1,0.75,1,0.77815125,0.73248676,0.080882353,0.180327869,0,0,0.6,0.6,0,0,0.333333333,1,1,0.75,0.75,0.25,0.666666667,0.104890149,0.666666667,0,0.04598235,0.11309329,1,0.75,1,1,0.275120605,0.431089744,0,0.530889022,0,0,0.666666667,0.5,0.375,0,0.333333333,0.564575034,1,0.333333333,0.6,0.8,0.102803738,1,0.5,0.288434415,0.666666667,1,1,0.36756126,0.080438757,0,0,0,0,0,0.75,1,0,0.783091851,0,0.666666667,0.75,12.14153412,1,0,0
7.199678346,0.487991956,0.75,0.558672394,0.457315743,1,1,0.333333333,0.333333333,1,0.5,0,0.681818182,0.4,1,0.75,1,0.84509804,0.73248676,0.029411765,0.081967213,0,0,1,1,0,0,0.666666667,1,1,0.75,0.75,0.25,1,0.124025514,0.666666667,0,0.100325128,0.149918167,1,1,1,1,0.383441039,0.50267094,0,0.607646852,0.333333333,0,0.666666667,0.5,0.375,0,0.666666667,0.712414374,1,0,0.2,1,0.037383178,0.666666667,0.5,0.34696756,0.666666667,1,1,0.170361727,0.166361974,0,0,0,0,0,0.75,1,0,0.721057054,0,0.666666667,0.75,12.20607265,0,0,0
6.095824562,0.795880601,0.75,0.342664275,0.216118278,1,1,0,0.333333333,1,0,0,0.636363636,0.4,1,1,0.6,0.84509804,0.73248676,0.007352941,0.016393443,0,0,0.2,0.3,0.666666667,0.045,0.666666667,1,1,1,0.75,0.75,0.833333333,0,0.666666667,0,0.584300975,0.20589198,1,1,1,1,0.50185464,0,0,0.46912149,0,0,0.666666667,0,0.25,0,0.666666667,0.564575034,1,0.333333333,0.8,0.8,0,1,0.75,0.456981664,0.666666667,1,1,0.168028005,0.029250457,0,0,0,0,0,0.75,1,0,0.721057054,0.250186815,1,1,12.05815252,0,0,0
2.708050201,0,0.75,0.388581117,0.416531576,1,1,0.333333333,0.333333333,1,0.5,0,0.363636364,0.4,1,0.75,0.6,0.77815125,0.73248676,0.352941176,0.803278689,1,0,0.3,0.2,0.666666667,0.1325,0.333333333,1,0.5,0.5,0.75,0.25,0.333333333,0.129872431,0.666666667,0,0.241523456,0.20507365,1,0.5,1,1,0.500347536,0,0,0.467712686,0.333333333,0,0.333333333,0.5,0.25,0,0.333333333,0.470880288,1,0.333333333,0.4,0.8,0.448598131,0.666666667,0.25,0.248236953,0.666666667,1,1,0,0.389396709,0.31884058,0,0,0,0,0,1,0,0.647685462,0.500249004,0.666666667,0.75,11.96400108,1,0,0
6.558197803,0,0.75,0.445638443,0.365182374,1,1,0,0.333333333,1,0,0,0.681818182,0.4,1,0.75,0.6,0.84509804,0.73248676,0.044117647,0.098360656,0,0,1,1,0.666666667,0.068125,0.666666667,1,1,0.75,0.75,0.75,1,0.126151665,0.666666667,0,0.353460288,0.241080196,1,1,1,1,0.564378636,0,0,0.527567399,0.333333333,0,0.666666667,0,0.375,0,0.666666667,0.643792813,1,0,0.2,0.8,0.056074766,0.666666667,0.5,0.427362482,0.666666667,1,1,0,0.063985375,0,0.283464567,0,0,0,0.75,1,0,0.647685462,1,0.666666667,0.75,12.26904744,0,0,0
6.335054251,0.407006649,0.75,0.423859223,0.551653986,1,1,0,0.333333333,1,0,0,0.136363636,0.4,1,0.75,0.2,0.77815125,0.885621875,0.661764706,0.967213115,0,0,0.1,0.1,0,0,0.333333333,1,0.25,0.75,0.75,0.5,0.833333333,0,0.666666667,0,0.540176498,0.190343699,1,1,1,1,0.472139945,0.272970085,0,0.570185403,0,0,0.666666667,0,0.5,0,0.333333333,0.712414374,1,0.333333333,0.8,0.4,0.495327103,1,0.5,0.279266573,0.666666667,1,0,0.084014002,0.065813528,0,0,0.3,0,0,0.75,1,0,0.783091851,0.500249004,0.666666667,0.75,12.1281111,0,0,0
6.583409222,0,0.75,0.445638443,0.358547257,1,1,0,0.333333333,1,0,0,0.363636364,0.4,1,0.75,0.6,0.602059991,0.885621875,0.286764706,0.655737705,0,0,0.3,0.2,0,0,0.333333333,0.666666667,0.5,0.5,0.75,0.25,0.666666667,0.033841247,0.666666667,0,0.312587088,0.141407529,1,1,1,1,0.359675084,0,0,0.336215505,0,0,0.333333333,0,0.375,0,0.333333333,0.470880288,1,0,0.2,0.4,0.140186916,0.333333333,0.5,0.32651622,0.666666667,1,1,0,0,0,0,0,0,0,0.75,1,0,0.783091851,0.750186691,0.666666667,0.75,11.73206099,0,0,0
6.09356977,0.407006649,0.25,0.335613777,0.307005135,1,1,0,0.333333333,1,0,0,0.181818182,0.4,1,0.75,0.2,0.698970004,0.885621875,0.573529412,0.278688525,0,0,0.3,0.2,0,0,0.333333333,1,1,0.5,0.75,0.25,0.833333333,0,0.666666667,0,0.500696702,0.176432079,1,0.5,1,1,0.460576263,0.237713675,0,0.548171046,0,0,0.666666667,0,0.375,0,0.333333333,0.712414374,1,0.333333333,0.8,0.4,0.728971963,0.333333333,0.5,0.253878702,0.666666667,1,0.5,0,0,0,0,0,0,0,0.75,1,0,0.721057054,0.500249004,0.666666667,0.75,12.00089179,0,0,0
4.955827058,0,0.75,0.485692615,0.429112461,1,1,0,0.333333333,1,0,0,0.681818182,0.4,1,0.75,0.6,0.84509804,0.73248676,0.007352941,0.032786885,0,0,1,1,0,0,0.666666667,1,1,0.75,0.75,0.75,1,0.230333097,0.666666667,0,0.201579192,0.283797054,1,1,1,1,0.623296824,0,0,0.582642686,0.333333333,0,0.666666667,0,0.375,0,0.666666667,0.643792813,1,0,0.2,0.8,0.009345794,1,0.5,0.465444288,0.666666667,1,1,0.186697783,0.043875686,0,0,0,0,0,0.75,1,0,0,0,0.666666667,0.75,12.46843691,0,0,0
5.894402834,0.642706105,0.75,0.412469402,0.337738832,1,1,0,0.333333333,1,0.5,0,0.136363636,0.4,1,0.75,0,0.84509804,0.73248676,0.044117647,0.114754098,0,0,0.6,0.6,0.666666667,0.3125,0.666666667,1,0,0,0.25,0,0,0,0,0,0,0,1,1,1,1,0.148882027,0.762286325,0,0.619056123,0,0,1,0,0.5,0,0.666666667,0.643792813,1,0.333333333,1,1,0.056074766,0.666666667,0.5,0.473906911,0.666666667,1,1,0,0,0.320652174,0,0,0,0,0.75,1,0,0.783091851,0.750186691,0.333333333,0.75,12.19854438,0,0,0
5.209486153,0,0.75,0.388581117,0.379985918,1,1,0,0.333333333,1,0,0,0.136363636,0,1,0.75,0.6,0.698970004,0.815464877,0.367647059,0.032786885,1,0,0.1,0.1,0.666666667,0.06125,0.333333333,1,1,0,0.25,0,0,0,0,0,0,0,1,1,1,1,0.525751365,0,0,0.491459566,0,0,0.333333333,0,0.375,0,0.333333333,0.643792813,1,0.333333333,0.8,0.8,0.46728972,0.666666667,0.25,0.177715092,0.666666667,1,1,0.135355893,0,0,0.354330709,0,0,0,0.5,1,0,0.721057054,0.250186815,0.666666667,0.75,11.69524702,0,0,0
6.979145275,0.487991956,0.75,0.471175462,0.354406228,1,1,0.333333333,0,1,0.5,0,0.136363636,0.4,1,0.75,1,0.77815125,0.815464877,0.235294118,0.540983607,1,0,0.6,0.7,0.666666667,0.0875,0.333333333,1,0.5,0.5,0.75,0.25,0.333333333,0.094790928,0.666666667,0,0.071992569,0.112929624,1,0.5,1,1,0.278934941,0.388888889,0,0.513464145,0,0,0.333333333,0.5,0.375,0,0.333333333,0.564575034,1,0,0.2,0.8,0.299065421,1,0.5,0.310296192,0.666666667,1,1,0.294049008,0,0,0,0,0,0,0.5,1,0,0.783091851,0.750186691,0.666666667,0.75,11.9797992,0,0,0
5.869296913,0.180103312,0.25,0.388581117,0.367958551,1,1,0,0.333333333,1,0,0,0.227272727,0.4,1,0.75,0.6,0.77815125,0.94639463,0.602941176,0.131147541,0,0,1,1,0,0,0.333333333,0.666666667,0.25,0.5,0.75,0.25,0.833333333,0,0.666666667,0,0.289828147,0.10212766,1,0.75,1,1,0.290678526,0,0,0.271719204,0,0,0.333333333,0,0.25,0,0.333333333,0.470880288,1,0,0.2,0.4,0.046728972,0.333333333,0.5,0.341325811,0.666666667,1,1,0.123687281,0,0,0,0,0,0,0.75,1,0,0.647685462,1,0.666666667,0.75,11.57025053,0,0,0
4.454347296,0.487991956,0.75,0.648214304,0.492014513,1,1,0,0.333333333,1,0.5,0,1,0.4,1,0.75,1,0.903089987,0.73248676,0.110294118,0.245901639,1,0,0.6,0.6,0.666666667,0.1775,0.666666667,1,0.5,0.75,0.75,0.25,0.833333333,0,0.666666667,0,0.598235021,0.210801964,1,1,1,1,0.5145738,0.596153846,0,0.700121817,0,0,0.666666667,0.5,0.5,0,0.666666667,0.772942881,1,0.333333333,0.6,0.8,0.140186916,0.333333333,0.5,0.325811001,0.666666667,1,1,0.148191365,0.149908592,0,0,0,0,0,0.75,1,0,0.557885891,0,0.666666667,0.75,12.46843691,0,0,0
1.791759469,0.407006649,0.75,0.517503342,0.466760851,1,1,0.333333333,0.333333333,1,0,0,0.409090909,0.4,1,0.75,0.2,0.698970004,0.73248676,0.117647059,0.245901639,0,0,1,1,0,0,0.333333333,1,0.75,0.75,0.75,0.25,1,0.129695252,0.666666667,0,0.029725964,0.130278232,1,1,1,1,0.328653546,0.302350427,0,0.497220246,0.333333333,0,0.333333333,0.5,0.125,0,0.333333333,0.470880288,1,0,0.2,0.8,0.14953271,0.333333333,0.5,0.338504937,0.666666667,1,1,0.046674446,0.054844607,0,0.62992126,0,0,0,0.5,0.5,0.04516129,0.926628408,0.750186691,0.666666667,0.75,11.87059991,0,0,0
6.799055862,0.180103312,0.25,0.321096624,0.373507169,1,0,0,0.333333333,1,0,0,0,0.4,1,0.75,0.6,0.602059991,0.815464877,0.514705882,0.93442623,0,0,0.1,0.1,0,0,0.333333333,1,0.25,0.5,0.75,0.25,0.666666667,0.050496102,0.666666667,0,0.30933581,0.155646481,1,1,0,1,0.395982469,0,0,0.370154765,0,0,0.333333333,0,0.25,0,0.333333333,0.564575034,1,0,0.2,0.4,0.654205607,0.333333333,0.25,0.230606488,0.666666667,1,1,0,0.0511883,0,0,0,0,0,0.75,1,0,0.557885891,0,0.666666667,0.25,11.57590026,0,0,0
6.873163834,0.487991956,0.75,0.418208121,0.403890718,1,1,0,0.333333333,1,0,0,0.590909091,0.6,1,0.75,1,0.77815125,0.73248676,0.014705882,0.016393443,0,0,1,1,0,0,0.666666667,1,1,0.75,0.75,0.25,0.833333333,0,0.666666667,0,0.363678588,0.128150573,1,1,1,1,0.322422077,0.374465812,0,0.527567399,0,0,0.666666667,0.5,0.375,0,0.666666667,0.712414374,1,0.333333333,0.8,0.8,0.018691589,1,0.5,0.277150917,0.666666667,1,1,0,0.131627057,0,0,0,0,0,0.75,1,0,0.783091851,0.250186815,1,1,12.09458227,0,0,0
7.00033446,0.556464057,0.25,0.388581117,0.32617155,1,1,0,0.333333333,1,0,0,0,0.4,1,0.75,1,0.77815125,0.885621875,0.683823529,0.032786885,0,0,0.1,0.1,0,0,0.333333333,1,1,0.5,0.75,0.25,0.833333333,0,0.666666667,0,0.317696238,0.111947627,1,0.5,1,1,0.317557828,0.310897436,0,0.495397458,0,0,0.333333333,0.5,0.375,0,0.666666667,0.643792813,1,0,0.2,0,0.018691589,0,0,0,0,0,1,0.158693116,0,0.208333333,0,0,0,0,0.75,1,0,0.442114109,0.250186815,0.666666667,0.75,11.75194237,0,0,1
6.084499413,0.180103312,0.75,0.238502279,0.233214427,1,1,0,0.333333333,1,0,0,0.727272727,0.4,1,0.75,0.6,0.698970004,0.815464877,0.691176471,0.098360656,0,0,0.2,0.4,0,0,0.333333333,1,1,0.5,0.75,0.25,0.5,0.064670446,0.666666667,0,0.034835114,0.072013093,1,0.5,0,1,0.27676003,0,0,0.258708533,0,0,0.333333333,0,0.25,0,0.666666667,0.356207187,1,0.333333333,0.8,0.4,0.158878505,0.333333333,0.25,0.248236953,1,1,0.5,0,0,0.061594203,0,0,0,0,0.5,1,0,0.442114109,0.250186815,0.666666667,0.75,11.4114463,0,0,0
6.413458957,0,0.75,0.394699272,0.354233822,1,1,0,0.333333333,1,0,0,0.272727273,0.2,1,0.75,0.6,0.602059991,0.73248676,0.338235294,0.770491803,0,0,1,1,0.333333333,0.12,0.333333333,0,0.5,0.5,0.75,0.5,0.166666667,0.159992913,0.666666667,0,0.058522991,0.168412439,1,0.75,1,1,0.425813869,0,0,0.39804043,0.333333333,0,0.333333333,0,0.375,0,0.333333333,0.470880288,1,0,0.2,0.8,0.429906542,0.333333333,0.25,0.184062059,0.666666667,1,1,0.074679113,0,0.070652174,0,0,0,0,0.75,1,0,0.557885891,0.250186815,0.666666667,0.75,11.68266824,0,0,0
5.030437921,0.487991956,0.75,0.388581117,0.476075386,1,1,0.333333333,0.333333333,1,1,0,0.545454545,0.4,1,0.75,1,0.77815125,0.73248676,0.257352941,0.590163934,0,0,0.6,0.6,0.666666667,0.1575,0.333333333,1,0.5,0.5,0.75,0.25,0.166666667,0.073706591,0.666666667,0,0.189967487,0.13502455,1,0.75,1,1,0.450030471,0.478632479,0,0.631888319,0,0,0.666666667,0.5,0.5,0,0.333333333,0.712414374,1,0.333333333,0.8,0.8,0.327102804,0.666666667,0.5,0.349083216,0.666666667,1,1,0,0.120658135,0,0,0,0,0,0,1,0,0.721057054,0,0.666666667,0.75,12.15477935,1,0,0
5.746203191,1,0.25,0.418208121,0.350678168,1,1,0,0.333333333,1,0,0,0.227272727,0,1,0,0.2,0.698970004,0.885621875,0.492647059,0.93442623,0,0,0.3,0.2,0,0,0.333333333,1,0.5,0.75,0.75,0.5,0.166666667,0.089829908,0.666666667,0,0.132837901,0.129787234,1,0.5,1,1,0.327224595,0.173611111,0,0.427385401,0.333333333,0,0.333333333,0,0.375,0,0.333333333,0.470880288,1,0.333333333,0.8,0.4,0.626168224,0.333333333,0.5,0.289139633,0.666666667,1,1,0,0,0,0,0.564583333,0,0,0.5,1,0,0.647685462,0,0.666666667,0.75,11.69441334,0,0,0
7.143617603,0.923665934,1,0.189076975,0.206556727,1,1,0,0.333333333,1,0.75,0,0.818181818,0.4,1,1,1,0.84509804,0.73248676,0.051470588,0.131147541,1,0,0.3,0.2,0.666666667,0.13625,0.666666667,1,1,0.75,0.75,0.25,1,0.079730687,0.666666667,0,0.111936832,0.11309329,1,1,1,1,0.286981311,0.394764957,0,0.519855916,0.333333333,0,0.666666667,0.5,0.375,0,0.666666667,0.564575034,1,0,0.2,0.4,0.065420561,0.333333333,0.5,0.356840621,0.666666667,1,1,0,0.062157221,0,0,0,0,0,0.75,1,0,0.442114109,0,0.666666667,0.75,12.12214741,0,0,0
6.870053412,0.923665934,0.75,0.049425304,0.112345023,1,1,0,0.333333333,1,0.5,0,0.5,0.4,1,1,1,0.77815125,0.815464877,0.227941176,0.524590164,0,0,0.7,0.5,0,0,0.333333333,1,0.5,0.75,0.75,0.25,0.666666667,0.098511694,0.666666667,0,0.11518811,0.131587561,1,0.5,1,1,0.332437911,0.397435897,0,0.542503666,0.333333333,0,0.666666667,0.5,0.375,0,0.666666667,0.643792813,1,0.333333333,0.6,0.4,0.289719626,0.333333333,0.5,0.310296192,0.666666667,1,1,0.056009335,0,0,0,0,0,0,0.75,1,0,0.783091851,0.250186815,0.666666667,0.75,11.9511804,0,0,0
5.416100402,0,0.75,0.588598986,0.457635614,1,1,0,0.333333333,1,0,0,0.954545455,0.4,1,0.75,0.6,1,0.73248676,0.044117647,0.114754098,1,0,1,1,0.666666667,0.57625,1,1,1,1,0.75,1,1,0.009922041,0.666666667,0,1.084997678,0.391489362,1,1,1,1,0.74503844,0,0,0.696443781,0,0,0.666666667,0,0.375,0,1,0.712414374,1,0.333333333,1,0.8,0.056074766,1,0.75,0.682651622,0.666666667,1,1,0.289381564,0.191956124,0,0,0,0,0,0.75,1,0,0.721057054,0.750186691,0.666666667,0.75,12.86424011,0,0,0
6.986566459,0,0.75,0.471175462,0.343002,1,1,0,0.333333333,1,0.5,0,0.272727273,0.2,1,0.75,0.6,0.698970004,0.73248676,0.345588235,0.786885246,0,0,0.6,0.6,0,0,0.333333333,1,0.5,0.5,0.75,0.25,0.666666667,0.145995748,0.666666667,0,0.100325128,0.170212766,1,0.25,1,1,0.429837847,0,0,0.401801947,0.333333333,0,0.333333333,0.5,0.375,0,0.333333333,0.470880288,1,0,0.2,0.8,0.439252336,1,0.25,0.217207334,0.666666667,1,1,0,0,0.398550725,0,0,0,0,0.5,1,0,0.721057054,1,0.666666667,0.75,11.79810441,0,0,0
4.394449155,0.487991956,0.75,0.577658092,0.450655535,1,1,0,0.333333333,1,0.5,0,0.363636364,0.4,1,0.75,1,0.77815125,0.815464877,0.301470588,0.68852459,0,0,1,1,0.666666667,0.36,0.333333333,0.666666667,0.5,0.75,0.75,0.25,0.166666667,0.079376329,0.666666667,0,0.208081746,0.146644845,1,0.5,1,1,0.478272475,0.512820513,0,0.657393336,0,0,0.666666667,0.5,0.5,0,0.666666667,0.712414374,1,0.333333333,0.8,0.8,0.38317757,1,0.25,0.358956276,0.666666667,1,1,0,0.131627057,0,0,0.525,0,0,0.75,1,0,0.721057054,0.750186691,0.666666667,0.75,12.17303279,0,0,0
5.762051383,0.487991956,1,0.471175462,0.378685467,1,1,0,0.333333333,1,0,0,0.818181818,0.4,1,0.75,1,0.903089987,0.73248676,0.007352941,0.032786885,0,0,1,1,0,0,0.666666667,1,1,0.75,0.75,0.75,0.833333333,0,0.666666667,0,0.505341384,0.17806874,1,1,1,1,0.446912925,0.465277778,0,0.625801373,0,0,0.666666667,0.5,0.375,0,0.666666667,0.712414374,1,0.333333333,0.8,0.8,0.009345794,0.666666667,0.75,0.722849083,0.666666667,1,1,0.242707118,0.084095064,0,0,0,0,0,0.75,1,0,1,0.250186815,0.666666667,0.75,12.50617724,0,0,0
5.003946306,0,0.75,0.406640306,0.343002,1,1,0,0.333333333,1,0,0,0.454545455,0.4,1,0.75,0.6,0.84509804,0.73248676,0.029411765,0.06557377,0,0,1,1,0.666666667,0.075,0.333333333,1,1,0.75,0.75,0.25,1,0.120481928,0.666666667,0,0.185787274,0.176759411,1,1,1,1,0.444120046,0,0,0.415152599,0.333333333,0,0.333333333,0,0.375,0,0.666666667,0.564575034,1,0,0.2,0,0.028037383,0,0,0,0,0,1,0,0,0,0,0,0,0,0.75,1,0,0.557885891,0.500249004,0.666666667,0.75,11.85651517,0,0,1
6.361302478,0.923665934,1,0.178347529,0.199568942,1,0.5,0,0.333333333,1,0.5,0,0.818181818,0.4,1,1,1,0.84509804,0.73248676,0.007352941,0.032786885,0,0,1,1,0,0,0.666666667,1,1,0.75,0.75,0.25,0.833333333,0,0.666666667,0,0.320018579,0.112765957,1,1,1,1,0.281636118,0.368055556,0,0.504927529,0,0,0.666666667,0,0.25,0,0.666666667,0.470880288,1,0,0.2,0.4,0.009345794,0.333333333,0.5,0.380818054,0.666666667,1,1,0,0.186471664,0,0,0,0,0,0.75,1,0,0.278942946,0.500249004,0.666666667,0.25,11.8913619,0,0,0
6.522092798,0,0.75,0.388581117,0.398226917,1,1,0.333333333,0.333333333,1,0,0,0.272727273,0.4,1,0.75,0.6,0.698970004,0.73248676,0.338235294,0.770491803,1,0,0.1,0.1,0.666666667,0.035625,0.333333333,1,0.5,0.5,0.75,0.25,0.166666667,0.146527286,0.666666667,0,0.074779378,0.161702128,1,0.5,1,1,0.410426754,0,0,0.38365693,0.333333333,0,0.333333333,0,0.375,0,0.333333333,0.470880288,1,0,0.2,0.4,0.411214953,0.333333333,0.5,0.403385049,0.666666667,1,1,0,0,0,0,0,0,0,0.75,1,0,0.926628408,0.250186815,0.666666667,0.75,11.76368418,1,0,0
6.833031733,0.487991956,0.75,0.388581117,0.397339309,1,1,0,0.333333333,1,0,0,0.545454545,0.2,1,0.75,1,0.84509804,0.73248676,0.294117647,0.672131148,0,0,0.3,0.2,0.666666667,0.21375,0.333333333,1,0.5,0.5,0.75,0.25,0.333333333,0.097802977,0.666666667,0,0.130051092,0.136170213,1,0.75,1,1,0.450375285,0.47008547,0,0.629215804,0,0,0.666666667,0.5,0.5,0,0.333333333,0.772942881,1,0.333333333,0.8,0.8,0.373831776,0.666666667,0.5,0.342736248,0.666666667,1,1,0,0.078610603,0,0,0,0,0,1,1,0,0.557885891,0.500249004,0.666666667,0.75,12.07823927,1,0,0
4.574710979,0,0.75,0.485692615,0.404406241,1,1,0.333333333,0.333333333,1,0,0,0.681818182,0.4,1,0.75,0.6,0.84509804,0.73248676,0.051470588,0.131147541,0,0,1,1,0.666666667,0.114375,0.666666667,1,1,0.75,0.75,0.75,0.666666667,0.205882353,0.666666667,0,0.197863446,0.2599018,1,1,1,1,0.590011524,0,0,0.551528397,0,0,0.666666667,0,0.375,0,0.666666667,0.564575034,1,0,0.2,0.8,0.065420561,0.666666667,0.5,0.332863188,0.666666667,1,1,0.184364061,0.053016453,0,0,0,0,0,0.75,1,0,0.836828837,0,0.666666667,0.75,12.27373129,0,0,0
6.023447593,0,1,0.388581117,0.238759706,1,1,1,0.333333333,1,0,0,0.818181818,0.4,1,0.75,0.6,0.84509804,0.73248676,0.007352941,0.032786885,0,0,0.3,0.2,1,0.27,1,1,1,1,0.75,0.75,1,0.102409639,0.666666667,0,0.41430562,0.240589198,1,1,1,1,0.562845481,0,0,0.526134243,0.333333333,0,0.666666667,0.5,0.25,0,0.666666667,0.643792813,1,0.333333333,0.8,0.8,0.009345794,1,0.5,0.341325811,0.666666667,1,1,0,0.263254113,0,0,0,0,0,0.75,1,0,0.721057054,1,1,1,12.31043266,1,0,0
5.631211782,0,0.75,0.602701261,0.471351663,1,1,0,0.333333333,1,0,0,0.954545455,0.4,1,0.75,0.6,0.954242509,0.73248676,0.007352941,0.016393443,0,0,0.9,0.9,0.666666667,0.196875,1,1,1,1,0.75,1,0.833333333,0,0.666666667,0,0.985137018,0.347135843,1,1,1,1,0.699534796,0,0,0.653908084,0,0,0.666666667,0.5,0.375,0,1,0.712414374,1,0.333333333,1,0.8,0,1,0.75,0.516220028,0.666666667,1,1,0.144690782,0.179159049,0,0,0.295833333,0,0,0.75,1,0,0.647685462,0.250186815,1,1,12.93675161,0,0,0
5.945420609,0,1,0.388581117,0.335012433,1,0.5,0,0.333333333,1,0,0,0.818181818,0.4,1,0.75,0.6,0.84509804,0.73248676,0,0.016393443,0,0,1,1,0,0,0.666666667,1,1,0.75,1,0.25,0.833333333,0,0.666666667,0,0.600557362,0.211620295,1,1,1,1,0.5145738,0,0,0.481011052,0.333333333,0,0.666666667,0,0.25,0,0.666666667,0.470880288,1,0.333333333,0.8,0.8,0,0.666666667,0.5,0.403385049,0.666666667,1,1,0.252042007,0.221206581,0,0,0,0,0,0.75,1,0,0.836828837,0,1,1,12.14286657,0,0,0
6.88550967,0.795880601,1,0.189076975,0.232939865,1,0.5,0.333333333,0.333333333,1,0,0,0.818181818,0.4,1,1,0.6,0.84509804,0.73248676,0.007352941,0.016393443,0,0,1,1,0.333333333,0,0.666666667,1,1,0.75,0.75,0.25,1,0.195960312,0.666666667,0,0.062703205,0.203109656,1,1,1,1,0.496705807,0,0,0.464308487,0.333333333,0,0.333333333,0.5,0.125,0,0.666666667,0.356207187,1,0,0.2,0.8,0,1,0.5,0.401269394,0.666666667,1,1,0,0.212065814,0,0,0,0,0,0.75,1,0,0.964984046,0.250186815,1,1,12.20557252,0,1,0
6.962243464,0,0.75,0.592175245,0.424280112,1,1,0,0.333333333,1,0,0,0.545454545,0.4,1,0.75,0.6,0.77815125,0.73248676,0.235294118,0.540983607,0,0,0.7,0.7,0.666666667,0.1,0.333333333,1,0.5,0.75,0.75,0.25,0.666666667,0.114103473,0.666666667,0,0.254993033,0.195253682,1,0.5,1,1,0.574195549,0,0,0.53674401,0,0.5,0.666666667,0,0.375,0,0.333333333,0.643792813,1,0.333333333,0.6,0.8,0.299065421,1,0.5,0.337094499,0.666666667,1,1,0,0,0,0,0.39375,0,0,0.5,1,0,0.647685462,0.500249004,0,0.25,12.10071213,0,0,0
6.042632834,0.668095268,0.25,0.485692615,0.331169335,1,1,0,0.333333333,1,0,0,0.409090909,0.4,1,0.25,0,0.84509804,0.73248676,0.080882353,0.180327869,0,0,1,1,0.666666667,0.125,0.333333333,0.666666667,1,0.75,1,1,1,0.231927711,0.666666667,0,0.016256386,0.219967267,1,1,1,1,0.526879334,0,0,0.492513964,0.666666667,0,0.666666667,0,0.25,0.23104906,0.333333333,0.712414374,1,0,0.2,0.8,0.102803738,1,1,0.552891396,0.666666667,1,1,0,0,0,0,0,0,0,0.75,1,0,0.964984046,0.500249004,0.666666667,0,12.2370867,0,0,0
6.980075941,0,0.75,0.466207065,0.368783783,1,1,0,0.333333333,1,0,0,0.681818182,0.4,1,0.75,0.6,0.84509804,0.73248676,0.007352941,0.032786885,0,0,1,1,0,0,0.666666667,1,1,0.75,0.75,0.75,0.833333333,0,0.666666667,0,0.575940548,0.20294599,1,1,1,1,0.496400742,0,0,0.464023319,0,0,0.666666667,0,0.25,0,0.666666667,0.470880288,1,0,0.2,0.8,0.009345794,0.666666667,0.75,0.582510578,0.666666667,1,1,0.16336056,0.170018282,0,0,0,0,0,0.75,1,0,0.647685462,0.250186815,0.666666667,0.75,12.17561344,0,0,0
6.800170068,0.668095268,0.75,0.412469402,0.330001534,1,1,0,0.333333333,1,0,0,0.454545455,0.2,1,0.25,1,0.698970004,0.73248676,0.220588235,0.508196721,0,0,0.7,0.7,0,0,0.333333333,1,0,0,0.25,0,0,0,0,0,0,0,1,0.5,1,1,0.457882776,0.598290598,0,0.673218671,0,0,0.666666667,0,0.75,0.23104906,0.333333333,0.920782221,1,0,0.2,0.4,0.280373832,0.333333333,0.5,0.37235543,0.666666667,1,1,0.179696616,0,0,0,0,0,0,0.75,1,0,0.721057054,0.750186691,0.666666667,0,11.87027118,0,0,0
7.265429723,0,0.75,0.388581117,0.443698284,1,1,0.333333333,0.333333333,1,0.5,0,0.545454545,0.4,1,0.75,0.6,0.77815125,0.885621875,0.191176471,0.442622951,0,0,0.3,0.2,0.666666667,0.19375,0.666666667,0.666666667,0.5,0.75,0.75,0.25,0.333333333,0.120127569,0.666666667,0,0.353924756,0.235679214,1,1,1,1,0.552988538,0,0,0.516920212,0,0,0.666666667,0,0.375,0,0.666666667,0.643792813,1,0.333333333,0.6,0.8,0.242990654,1,0.5,0.329337094,0.666666667,1,1,0,0,0.179347826,0,0,0,0,0.75,1,0,0.557885891,0.250186815,0.666666667,0.75,12.11669483,1,0,0
7.090909822,0,0.75,0.450888743,0.386215211,1,1,0,0.333333333,1,0,0,0.363636364,0.4,1,0.75,0.6,0.602059991,0.73248676,0.264705882,0.606557377,0,0,0.3,0.2,0,0,0.333333333,1,0.5,0.5,0.75,0.25,0.833333333,0,0.666666667,0,0.401300511,0.141407529,1,0.75,1,1,0.359675084,0,0,0.336215505,0,0,0.333333333,0,0.375,0,0.333333333,0.470880288,1,0,0.2,0.8,0.317757009,0.333333333,0.25,0.197461213,0.666666667,1,1,0,0,0,0,0,0,0,0.75,0.5,0,0.783091851,0,0.333333333,0.25,11.66177641,0,0,0
6.29710932,0,0.75,0.485692615,0.402027371,1,1,0,0.333333333,1,0,0,0.545454545,0.6,1,0.75,0.6,0.84509804,0.73248676,0.080882353,0.180327869,1,0,1,1,0,0,0.666666667,1,1,1,0.75,0.25,0.5,0.02551382,0.833333333,0.76458616,0.176033442,0.2700491,1,1,1,1,0.611324296,0,0,0.571451058,0.333333333,0,0.666666667,0,0.375,0,0.666666667,0.643792813,0,0.333333333,0.6,0.8,0.102803738,1,0.5,0.411142454,0.666666667,1,1,0.091015169,0.13345521,0,0,0,0,0,0.75,1,0,0.721057054,0.750186691,0.666666667,0.75,12.27022047,0,0,0
6.71417053,0.407006649,0.75,0.388581117,0.397339309,1,1,0,0.333333333,1,0,0,0.318181818,0.4,1,0.75,0.2,0.77815125,0.885621875,0.507352941,0.983606557,0,0,1,1,0,0,0.333333333,1,0.25,0.5,0.75,0.25,0.833333333,0,0.666666667,0,0.361356247,0.127332242,1,0.5,1,1,0.393186643,0.291132479,0,0.528757276,0,0,0.666666667,0,0.375,0,0.333333333,0.643792813,1,0.333333333,0.8,0.4,0.644859813,0.333333333,0.25,0.169252468,0.666666667,1,1,0.390898483,0,0,0,0,0,0,0,1,0,0.783091851,0.750186691,0.666666667,0.75,11.84581988,0,0,0
6.610696045,0,0.75,0.418208121,0.366343904,1,1,0,0.333333333,1,0,0,0.454545455,0.4,1,0.75,0.6,0.84509804,0.73248676,0.051470588,0.114754098,0,0,1,1,0.666666667,0.0675,0.333333333,1,1,0.75,0.75,0.25,0.833333333,0,0.666666667,0,0.62656758,0.220785597,1,1,1,1,0.528284584,0,0,0.493827558,0,0,0.666666667,0,0.375,0,0.333333333,0.564575034,1,0,0.2,0.8,0.065420561,0.333333333,0.5,0.380112835,0.666666667,1,1,0.140023337,0.100548446,0,0,0,0,0,1,1,0,1,0.250186815,0.666666667,0.75,12.09514108,0,0,0
6.670766321,0,0.25,0.321096624,0.299328966,1,1,0,0.333333333,1,0.5,0,0.227272727,0.4,1,0.75,0.6,0.602059991,0.885621875,0.397058824,0.147540984,0,0,0.3,0.2,0,0,0.333333333,1,0.5,0.5,0.75,0.25,0.833333333,0,0.666666667,0,0.418485834,0.147463175,1,1,1,1,0.375543736,0,0,0.351049135,0,0,0.333333333,0,0.25,0,0.333333333,0.356207187,1,0,0.2,0.4,0.504672897,0.333333333,0.25,0.198166432,0.333333333,1,1,0,0,0,0,0,0,0,0.75,1,0,0.836828837,0.500249004,0.666666667,0.75,11.58896015,0,0,0
6.661854741,0.487991956,0.75,0.418208121,0.333730646,1,1,0,0.333333333,1,0,0,0.454545455,0.4,1,0.75,1,0.77815125,0.73248676,0.102941176,0.245901639,0,0,1,1,0,0,0.666666667,0.666666667,1,0.75,0.75,0.25,0.666666667,0.068568391,0.666666667,0,0.173711101,0.124549918,1,1,1,1,0.335251555,0.423611111,0,0.554854184,0,0,0.666666667,0.5,0.375,0,0.666666667,0.643792813,1,0,0.2,0.8,0.130841121,0.666666667,0.5,0.341325811,0.666666667,1,1,0,0.226691042,0,0,0,0,0,0.75,1,0,0.783091851,0,0.666666667,0.75,12.07767093,0,0,0
5.703782475,0,0.75,0.495063747,0.465159741,1,1,0,0.333333333,1,0,0,0.727272727,0.4,1,0.75,0.6,0.77815125,0.94639463,0.433823529,0.098360656,0,0,0.6,0.6,0,0,0.333333333,0.666666667,0.5,0.5,0.75,0.25,0.833333333,0,0.666666667,0,0.507199257,0.178723404,1,1,1,1,0.468543575,0,0,0.437983119,0,0.5,0.333333333,0,0.375,0,0.666666667,0.564575034,1,0.333333333,0.8,0.8,0.551401869,0.333333333,0.25,0.211565585,0.666666667,1,1,0,0.065813528,0,0,0,0,0,1,1,0,0.836828837,0.750186691,0.666666667,0.5,11.97350987,0,0,0
7.281385664,0.975983912,0.25,0.189076975,0.203387148,1,1,0,0.333333333,1,0,0,0.136363636,0.4,1,1,0.8,0.698970004,0.73248676,0.007352941,0.032786885,0,0,1,1,0.666666667,0.05,0.333333333,1,1,0.75,0.75,1,1,0.09691708,0.666666667,0,0,0.089525368,1,0.75,1,1,0.441306402,0,0,0.412522473,0.333333333,0,0.333333333,0,0.25,0,0.333333333,0.470880288,1,0,0.2,0.6,0.009345794,1,0.5,0.370239774,0.666666667,1,1,0,0.0511883,0,0,0,0,0,0.75,1,0,0.647685462,0,0.666666667,0.75,11.88448902,0,0,0
4.736198448,0,0.75,0.388581117,0.544516242,1,1,0,0,1,0.5,0,0.727272727,0.4,1,0.75,0.6,0.77815125,0.73248676,0.397058824,0.901639344,1,0,0.1,0.1,0.666666667,0.115,0.333333333,0.666666667,0.5,0.75,0.75,0.5,0.666666667,0.006201276,0.5,0.589552239,0.420343706,0.296072013,1,0.5,1,1,0.723389176,0,0,0.676206577,0.333333333,0,0.666666667,0,0.375,0,0.666666667,0.643792813,1,0.666666667,0.8,0.6,0.504672897,0.333333333,0.5,0.317348378,0.666666667,1,1,0.19369895,0.219378428,0.347826087,0,0,0,0,0.5,1,0,0.926628408,0.250186815,0,0.25,12.28765263,1,0,0
7.156956365,0,0.75,0.394699272,0.374287142,1,1,0.333333333,0.333333333,1,0,0,0.681818182,0.4,1,0.75,0.6,0.698970004,0.885621875,0.235294118,0.032786885,0,0,0.6,0.6,0,0,0.333333333,1,0.5,0.75,0.75,0.5,0.5,0.094259391,0.5,0.097693351,0.169066419,0.170212766,1,0.5,1,1,0.429837847,0,0,0.401801947,0,0,0.666666667,0,0.375,0,0.666666667,0.470880288,1,0,0.2,0.4,0.299065421,0.333333333,0.5,0.341325811,0.666666667,1,1,0,0,0,0,0.6,0,0,0.75,1,0,0.884228217,0.750186691,0.666666667,0.75,11.92171836,0,0,0
7.059617628,0.668095268,0.75,0.388581117,0.449144198,1,1,0,0.333333333,1,0,0,0.272727273,0.2,1,0.25,0,0.602059991,0.630929754,0.286764706,0.655737705,0,0,0.7,0.7,0,0,0.333333333,1,0.5,0.75,0.75,0.75,1,0.212260808,0.666666667,0,0,0.196072013,1,0.5,1,1,0.50185464,0,0,0.46912149,0.666666667,0,0,1,0,0.23104906,0.333333333,0.564575034,1,0,0.2,0.2,0.364485981,0.333333333,0.5,0.282087447,0.333333333,1,1,0.140023337,0,0,0,0,0,0,0.75,1,0,0,0.500249004,0.666666667,0,11.59872694,0,0,0
5.739792912,0.487991956,0.75,0.388581117,0.347771111,1,1,0.333333333,0.333333333,1,0,0,0.590909091,0.4,1,0.75,1,0.77815125,0.73248676,0.095588235,0.213114754,0,0,0.6,0.6,0.666666667,0.07,0.333333333,1,1,0.75,0.75,0.25,0.666666667,0.09177888,0.666666667,0,0.083139805,0.114075286,1,0.75,1,1,0.278392384,0.429487179,0,0.531596759,0,0,0.666666667,0.5,0.375,0,0.666666667,0.564575034,1,0.333333333,0.6,0.8,0.121495327,1,0.5,0.296191819,0.666666667,1,1,0.221703617,0.115173675,0,0,0,0,0,0.75,1,0,0.647685462,0,0.666666667,0.75,12.01733052,1,0,0
